--------------------------------------------------------
--  文件已创建 - 星期三-九月-06-2023   
--------------------------------------------------------
--------------------------------------------------------
--  DDL for Type URLSET
--------------------------------------------------------

  CREATE OR REPLACE EDITIONABLE TYPE "JAY"."URLSET" is varray(10) of varchar(200)

/
--------------------------------------------------------
--  DDL for Table ABOUT_US
--------------------------------------------------------

  CREATE TABLE "JAY"."ABOUT_US" 
   (	"ID" VARCHAR2(10 BYTE), 
	"QUESTION" VARCHAR2(50 BYTE), 
	"ANSWER" VARCHAR2(400 BYTE)
   ) SEGMENT CREATION IMMEDIATE 
  PCTFREE 10 PCTUSED 40 INITRANS 1 MAXTRANS 255 
 NOCOMPRESS LOGGING
  STORAGE(INITIAL 65536 NEXT 1048576 MINEXTENTS 1 MAXEXTENTS 2147483645
  PCTINCREASE 0 FREELISTS 1 FREELIST GROUPS 1
  BUFFER_POOL DEFAULT FLASH_CACHE DEFAULT CELL_FLASH_CACHE DEFAULT)
  TABLESPACE "TJ_DB" ;
--------------------------------------------------------
--  DDL for Table ADVERTISE
--------------------------------------------------------

  CREATE TABLE "JAY"."ADVERTISE" 
   (	"ID" VARCHAR2(10 BYTE), 
	"IMAGE" VARCHAR2(100 BYTE), 
	"STATUS" NUMBER(*,0)
   ) SEGMENT CREATION IMMEDIATE 
  PCTFREE 10 PCTUSED 40 INITRANS 1 MAXTRANS 255 
 NOCOMPRESS LOGGING
  STORAGE(INITIAL 65536 NEXT 1048576 MINEXTENTS 1 MAXEXTENTS 2147483645
  PCTINCREASE 0 FREELISTS 1 FREELIST GROUPS 1
  BUFFER_POOL DEFAULT FLASH_CACHE DEFAULT CELL_FLASH_CACHE DEFAULT)
  TABLESPACE "TJ_DB" ;
--------------------------------------------------------
--  DDL for Table COUNTER
--------------------------------------------------------

  CREATE TABLE "JAY"."COUNTER" 
   (	"TABLENAME" VARCHAR2(30 BYTE), 
	"TABLECOUNT" NUMBER(4,0)
   ) SEGMENT CREATION IMMEDIATE 
  PCTFREE 10 PCTUSED 40 INITRANS 1 MAXTRANS 255 
 NOCOMPRESS LOGGING
  STORAGE(INITIAL 65536 NEXT 1048576 MINEXTENTS 1 MAXEXTENTS 2147483645
  PCTINCREASE 0 FREELISTS 1 FREELIST GROUPS 1
  BUFFER_POOL DEFAULT FLASH_CACHE DEFAULT CELL_FLASH_CACHE DEFAULT)
  TABLESPACE "TJ_DB" ;
--------------------------------------------------------
--  DDL for Table COUPON
--------------------------------------------------------

  CREATE TABLE "JAY"."COUPON" 
   (	"ID" VARCHAR2(20 BYTE), 
	"NAME" VARCHAR2(200 BYTE), 
	"TYPE" NUMBER(*,0), 
	"DISCOUNT" NUMBER(4,2), 
	"STATUS" NUMBER(*,0)
   ) SEGMENT CREATION IMMEDIATE 
  PCTFREE 10 PCTUSED 40 INITRANS 1 MAXTRANS 255 
 NOCOMPRESS LOGGING
  STORAGE(INITIAL 65536 NEXT 1048576 MINEXTENTS 1 MAXEXTENTS 2147483645
  PCTINCREASE 0 FREELISTS 1 FREELIST GROUPS 1
  BUFFER_POOL DEFAULT FLASH_CACHE DEFAULT CELL_FLASH_CACHE DEFAULT)
  TABLESPACE "TJ_DB" ;
--------------------------------------------------------
--  DDL for Table CREDIT_CARD
--------------------------------------------------------

  CREATE TABLE "JAY"."CREDIT_CARD" 
   (	"CARDID" VARCHAR2(30 BYTE), 
	"USERID" VARCHAR2(10 BYTE), 
	"BANK" VARCHAR2(50 BYTE), 
	"ISDEFAULT" NUMBER(1,0) DEFAULT 0, 
	"BALANCE" NUMBER(12,2) DEFAULT 10000
   ) SEGMENT CREATION IMMEDIATE 
  PCTFREE 10 PCTUSED 40 INITRANS 1 MAXTRANS 255 
 NOCOMPRESS LOGGING
  STORAGE(INITIAL 65536 NEXT 1048576 MINEXTENTS 1 MAXEXTENTS 2147483645
  PCTINCREASE 0 FREELISTS 1 FREELIST GROUPS 1
  BUFFER_POOL DEFAULT FLASH_CACHE DEFAULT CELL_FLASH_CACHE DEFAULT)
  TABLESPACE "TJ_DB" ;
--------------------------------------------------------
--  DDL for Table CUSTOMER_SERVICE
--------------------------------------------------------

  CREATE TABLE "JAY"."CUSTOMER_SERVICE" 
   (	"ID" VARCHAR2(10 BYTE), 
	"QUESTION" VARCHAR2(50 BYTE), 
	"ANSWER" VARCHAR2(400 BYTE)
   ) SEGMENT CREATION IMMEDIATE 
  PCTFREE 10 PCTUSED 40 INITRANS 1 MAXTRANS 255 
 NOCOMPRESS LOGGING
  STORAGE(INITIAL 65536 NEXT 1048576 MINEXTENTS 1 MAXEXTENTS 2147483645
  PCTINCREASE 0 FREELISTS 1 FREELIST GROUPS 1
  BUFFER_POOL DEFAULT FLASH_CACHE DEFAULT CELL_FLASH_CACHE DEFAULT)
  TABLESPACE "TJ_DB" ;
--------------------------------------------------------
--  DDL for Table DEVICE
--------------------------------------------------------

  CREATE TABLE "JAY"."DEVICE" 
   (	"DEVICEID" VARCHAR2(10 BYTE), 
	"DEVICE_CATE_ID" VARCHAR2(10 BYTE), 
	"DEVICE_TYPE_ID" VARCHAR2(20 BYTE), 
	"PURCHASE_CHANNEL" VARCHAR2(30 BYTE) DEFAULT 'null', 
	"STORAGE_CAPACITY" VARCHAR2(30 BYTE) DEFAULT 'null'
   ) SEGMENT CREATION IMMEDIATE 
  PCTFREE 10 PCTUSED 40 INITRANS 1 MAXTRANS 255 
 NOCOMPRESS LOGGING
  STORAGE(INITIAL 65536 NEXT 1048576 MINEXTENTS 1 MAXEXTENTS 2147483645
  PCTINCREASE 0 FREELISTS 1 FREELIST GROUPS 1
  BUFFER_POOL DEFAULT FLASH_CACHE DEFAULT CELL_FLASH_CACHE DEFAULT)
  TABLESPACE "TJ_DB" ;
--------------------------------------------------------
--  DDL for Table DEVICE_CATE
--------------------------------------------------------

  CREATE TABLE "JAY"."DEVICE_CATE" 
   (	"CATEGORYID" VARCHAR2(10 BYTE), 
	"CATEGORY_NAME" VARCHAR2(20 BYTE)
   ) SEGMENT CREATION IMMEDIATE 
  PCTFREE 10 PCTUSED 40 INITRANS 1 MAXTRANS 255 
 NOCOMPRESS LOGGING
  STORAGE(INITIAL 65536 NEXT 1048576 MINEXTENTS 1 MAXEXTENTS 2147483645
  PCTINCREASE 0 FREELISTS 1 FREELIST GROUPS 1
  BUFFER_POOL DEFAULT FLASH_CACHE DEFAULT CELL_FLASH_CACHE DEFAULT)
  TABLESPACE "TJ_DB" ;
--------------------------------------------------------
--  DDL for Table DEVICE_EVALUATION
--------------------------------------------------------

  CREATE TABLE "JAY"."DEVICE_EVALUATION" 
   (	"DEVICEID" VARCHAR2(10 BYTE), 
	"EVALUATION" VARCHAR2(100 BYTE) DEFAULT 'no evaluation', 
	"PRICE" NUMBER(7,2) DEFAULT 0
   ) SEGMENT CREATION IMMEDIATE 
  PCTFREE 10 PCTUSED 40 INITRANS 1 MAXTRANS 255 
 NOCOMPRESS LOGGING
  STORAGE(INITIAL 65536 NEXT 1048576 MINEXTENTS 1 MAXEXTENTS 2147483645
  PCTINCREASE 0 FREELISTS 1 FREELIST GROUPS 1
  BUFFER_POOL DEFAULT FLASH_CACHE DEFAULT CELL_FLASH_CACHE DEFAULT)
  TABLESPACE "TJ_DB" ;
--------------------------------------------------------
--  DDL for Table DEVICE_TYPE
--------------------------------------------------------

  CREATE TABLE "JAY"."DEVICE_TYPE" 
   (	"TYPEID" VARCHAR2(10 BYTE), 
	"TYPE_NAME" VARCHAR2(20 BYTE), 
	"BRAND" VARCHAR2(20 BYTE), 
	"STRUCTURE_URL" "JAY"."URLSET"  DEFAULT null
   ) SEGMENT CREATION IMMEDIATE 
  PCTFREE 10 PCTUSED 40 INITRANS 1 MAXTRANS 255 
 NOCOMPRESS LOGGING
  STORAGE(INITIAL 65536 NEXT 1048576 MINEXTENTS 1 MAXEXTENTS 2147483645
  PCTINCREASE 0 FREELISTS 1 FREELIST GROUPS 1
  BUFFER_POOL DEFAULT FLASH_CACHE DEFAULT CELL_FLASH_CACHE DEFAULT)
  TABLESPACE "TJ_DB" ;
--------------------------------------------------------
--  DDL for Table ENGINEER
--------------------------------------------------------

  CREATE TABLE "JAY"."ENGINEER" 
   (	"ID" VARCHAR2(10 BYTE), 
	"NAME" VARCHAR2(40 BYTE), 
	"SEX" VARCHAR2(2 BYTE), 
	"WORKINGYEARS" NUMBER(*,0), 
	"SALARY" NUMBER(10,2), 
	"RATE" NUMBER(*,0), 
	"PASSWORD" VARCHAR2(16 BYTE), 
	"WORK_CENTER" VARCHAR2(10 BYTE)
   ) SEGMENT CREATION IMMEDIATE 
  PCTFREE 10 PCTUSED 40 INITRANS 1 MAXTRANS 255 
 NOCOMPRESS LOGGING
  STORAGE(INITIAL 65536 NEXT 1048576 MINEXTENTS 1 MAXEXTENTS 2147483645
  PCTINCREASE 0 FREELISTS 1 FREELIST GROUPS 1
  BUFFER_POOL DEFAULT FLASH_CACHE DEFAULT CELL_FLASH_CACHE DEFAULT)
  TABLESPACE "TJ_DB" ;
--------------------------------------------------------
--  DDL for Table NEWS_SYSTEM
--------------------------------------------------------

  CREATE TABLE "JAY"."NEWS_SYSTEM" 
   (	"ID" VARCHAR2(50 BYTE), 
	"USERID" VARCHAR2(10 BYTE), 
	"NEWS_TITLE" VARCHAR2(50 BYTE), 
	"NEWS_DATE" TIMESTAMP (6), 
	"NEWS_CONTENT" VARCHAR2(500 BYTE), 
	"ISREAD" NUMBER(*,0)
   ) SEGMENT CREATION IMMEDIATE 
  PCTFREE 10 PCTUSED 40 INITRANS 1 MAXTRANS 255 
 NOCOMPRESS LOGGING
  STORAGE(INITIAL 65536 NEXT 1048576 MINEXTENTS 1 MAXEXTENTS 2147483645
  PCTINCREASE 0 FREELISTS 1 FREELIST GROUPS 1
  BUFFER_POOL DEFAULT FLASH_CACHE DEFAULT CELL_FLASH_CACHE DEFAULT)
  TABLESPACE "TJ_DB" ;
--------------------------------------------------------
--  DDL for Table RATING_SYSTEM
--------------------------------------------------------

  CREATE TABLE "JAY"."RATING_SYSTEM" 
   (	"USERID" VARCHAR2(10 BYTE), 
	"ENGINEERID" VARCHAR2(10 BYTE), 
	"RATE" NUMBER(*,0), 
	"USER_COMMENT" VARCHAR2(200 BYTE)
   ) SEGMENT CREATION IMMEDIATE 
  PCTFREE 10 PCTUSED 40 INITRANS 1 MAXTRANS 255 
 NOCOMPRESS LOGGING
  STORAGE(INITIAL 65536 NEXT 1048576 MINEXTENTS 1 MAXEXTENTS 2147483645
  PCTINCREASE 0 FREELISTS 1 FREELIST GROUPS 1
  BUFFER_POOL DEFAULT FLASH_CACHE DEFAULT CELL_FLASH_CACHE DEFAULT)
  TABLESPACE "TJ_DB" ;
--------------------------------------------------------
--  DDL for Table RECYCLE_ORDER
--------------------------------------------------------

  CREATE TABLE "JAY"."RECYCLE_ORDER" 
   (	"ORDERID" VARCHAR2(30 BYTE), 
	"DEVICEID" VARCHAR2(10 BYTE), 
	"USERID" VARCHAR2(10 BYTE), 
	"EXPECTEDPRICE" NUMBER(7,2) DEFAULT 0, 
	"RECYCLE_LOCATION" VARCHAR2(100 BYTE), 
	"RECYCLE_TIME" TIMESTAMP (6), 
	"IMAGE_URL" "JAY"."URLSET"  DEFAULT null, 
	"CUSTOMER_LOCATION" VARCHAR2(100 BYTE) DEFAULT '<null>'
   ) SEGMENT CREATION IMMEDIATE 
  PCTFREE 10 PCTUSED 40 INITRANS 1 MAXTRANS 255 
 NOCOMPRESS LOGGING
  STORAGE(INITIAL 65536 NEXT 1048576 MINEXTENTS 1 MAXEXTENTS 2147483645
  PCTINCREASE 0 FREELISTS 1 FREELIST GROUPS 1
  BUFFER_POOL DEFAULT FLASH_CACHE DEFAULT CELL_FLASH_CACHE DEFAULT)
  TABLESPACE "TJ_DB" ;
--------------------------------------------------------
--  DDL for Table REPAIR_CATE
--------------------------------------------------------

  CREATE TABLE "JAY"."REPAIR_CATE" 
   (	"ID" VARCHAR2(10 BYTE), 
	"NAME" VARCHAR2(10 BYTE), 
	"IMAGE" VARCHAR2(200 BYTE), 
	"DETAIL" VARCHAR2(500 BYTE), 
	"DESCRIPTION" VARCHAR2(200 BYTE) DEFAULT ''
   ) SEGMENT CREATION IMMEDIATE 
  PCTFREE 10 PCTUSED 40 INITRANS 1 MAXTRANS 255 
 NOCOMPRESS LOGGING
  STORAGE(INITIAL 65536 NEXT 1048576 MINEXTENTS 1 MAXEXTENTS 2147483645
  PCTINCREASE 0 FREELISTS 1 FREELIST GROUPS 1
  BUFFER_POOL DEFAULT FLASH_CACHE DEFAULT CELL_FLASH_CACHE DEFAULT)
  TABLESPACE "TJ_DB" ;
--------------------------------------------------------
--  DDL for Table REPAIR_OPTION
--------------------------------------------------------

  CREATE TABLE "JAY"."REPAIR_OPTION" 
   (	"OPTIONID" VARCHAR2(10 BYTE), 
	"REPAIRREQUIREMENT" VARCHAR2(20 BYTE), 
	"REPAIRCATEGORYID" VARCHAR2(10 BYTE), 
	"BRAND" VARCHAR2(20 BYTE), 
	"ISWARRANTY" VARCHAR2(10 BYTE) DEFAULT '否'
   ) SEGMENT CREATION IMMEDIATE 
  PCTFREE 10 PCTUSED 40 INITRANS 1 MAXTRANS 255 
 NOCOMPRESS LOGGING
  STORAGE(INITIAL 65536 NEXT 1048576 MINEXTENTS 1 MAXEXTENTS 2147483645
  PCTINCREASE 0 FREELISTS 1 FREELIST GROUPS 1
  BUFFER_POOL DEFAULT FLASH_CACHE DEFAULT CELL_FLASH_CACHE DEFAULT)
  TABLESPACE "TJ_DB" ;
--------------------------------------------------------
--  DDL for Table REPAIR_ORDER
--------------------------------------------------------

  CREATE TABLE "JAY"."REPAIR_ORDER" 
   (	"ORDERID" VARCHAR2(10 BYTE), 
	"ORDERPRICE" NUMBER(6,2), 
	"COUPONID" VARCHAR2(10 BYTE), 
	"ENGINEERID" VARCHAR2(10 BYTE), 
	"USERID" VARCHAR2(10 BYTE), 
	"REPAIROPTIONID" VARCHAR2(10 BYTE), 
	"CREATETIME" TIMESTAMP (6), 
	"REPAIRLOCATION" VARCHAR2(100 BYTE), 
	"REPAIRTIME" TIMESTAMP (6), 
	"USERRATE" VARCHAR2(500 BYTE), 
	"ORDERSTATUS" NUMBER(*,0), 
	"IMAGE_URL" "JAY"."URLSET"  DEFAULT null, 
	"CUSTOMER_LOCATION" VARCHAR2(100 BYTE) DEFAULT '<null>'
   ) SEGMENT CREATION IMMEDIATE 
  PCTFREE 10 PCTUSED 40 INITRANS 1 MAXTRANS 255 
 NOCOMPRESS LOGGING
  STORAGE(INITIAL 65536 NEXT 1048576 MINEXTENTS 1 MAXEXTENTS 2147483645
  PCTINCREASE 0 FREELISTS 1 FREELIST GROUPS 1
  BUFFER_POOL DEFAULT FLASH_CACHE DEFAULT CELL_FLASH_CACHE DEFAULT)
  TABLESPACE "TJ_DB" ;
--------------------------------------------------------
--  DDL for Table REPAIR_SYS_ADMIN
--------------------------------------------------------

  CREATE TABLE "JAY"."REPAIR_SYS_ADMIN" 
   (	"ID" VARCHAR2(10 BYTE), 
	"PASSWORD" VARCHAR2(16 BYTE), 
	"NAME" VARCHAR2(40 BYTE)
   ) SEGMENT CREATION IMMEDIATE 
  PCTFREE 10 PCTUSED 40 INITRANS 1 MAXTRANS 255 
 NOCOMPRESS LOGGING
  STORAGE(INITIAL 65536 NEXT 1048576 MINEXTENTS 1 MAXEXTENTS 2147483645
  PCTINCREASE 0 FREELISTS 1 FREELIST GROUPS 1
  BUFFER_POOL DEFAULT FLASH_CACHE DEFAULT CELL_FLASH_CACHE DEFAULT)
  TABLESPACE "TJ_DB" ;
--------------------------------------------------------
--  DDL for Table SERVICE_CENTER
--------------------------------------------------------

  CREATE TABLE "JAY"."SERVICE_CENTER" 
   (	"ID" VARCHAR2(10 BYTE), 
	"NAME" VARCHAR2(100 BYTE), 
	"LOC_DETAIL" VARCHAR2(200 BYTE), 
	"TEL" VARCHAR2(20 BYTE), 
	"TIMG_URL" VARCHAR2(200 BYTE), 
	"LATITUDE" NUMBER(8,4) DEFAULT null, 
	"LONGITUDE" NUMBER(8,4) DEFAULT null
   ) SEGMENT CREATION IMMEDIATE 
  PCTFREE 10 PCTUSED 40 INITRANS 1 MAXTRANS 255 
 NOCOMPRESS LOGGING
  STORAGE(INITIAL 65536 NEXT 1048576 MINEXTENTS 1 MAXEXTENTS 2147483645
  PCTINCREASE 0 FREELISTS 1 FREELIST GROUPS 1
  BUFFER_POOL DEFAULT FLASH_CACHE DEFAULT CELL_FLASH_CACHE DEFAULT)
  TABLESPACE "TJ_DB" ;
--------------------------------------------------------
--  DDL for Table SERVICE_LOC
--------------------------------------------------------

  CREATE TABLE "JAY"."SERVICE_LOC" 
   (	"ID" VARCHAR2(10 BYTE), 
	"LOCATION_NAME" VARCHAR2(200 BYTE), 
	"LOC_DETAIL" VARCHAR2(200 BYTE), 
	"CUSTOMERID" VARCHAR2(10 BYTE)
   ) SEGMENT CREATION IMMEDIATE 
  PCTFREE 10 PCTUSED 40 INITRANS 1 MAXTRANS 255 
 NOCOMPRESS LOGGING
  STORAGE(INITIAL 65536 NEXT 1048576 MINEXTENTS 1 MAXEXTENTS 2147483645
  PCTINCREASE 0 FREELISTS 1 FREELIST GROUPS 1
  BUFFER_POOL DEFAULT FLASH_CACHE DEFAULT CELL_FLASH_CACHE DEFAULT)
  TABLESPACE "TJ_DB" ;
--------------------------------------------------------
--  DDL for Table SUPPORT_STAFF
--------------------------------------------------------

  CREATE TABLE "JAY"."SUPPORT_STAFF" 
   (	"ID" VARCHAR2(10 BYTE), 
	"PASSWORD" VARCHAR2(16 BYTE), 
	"REALNAME" VARCHAR2(40 BYTE), 
	"NICKNAME" VARCHAR2(40 BYTE)
   ) SEGMENT CREATION IMMEDIATE 
  PCTFREE 10 PCTUSED 40 INITRANS 1 MAXTRANS 255 
 NOCOMPRESS LOGGING
  STORAGE(INITIAL 65536 NEXT 1048576 MINEXTENTS 1 MAXEXTENTS 2147483645
  PCTINCREASE 0 FREELISTS 1 FREELIST GROUPS 1
  BUFFER_POOL DEFAULT FLASH_CACHE DEFAULT CELL_FLASH_CACHE DEFAULT)
  TABLESPACE "TJ_DB" ;
--------------------------------------------------------
--  DDL for Table USERINFO
--------------------------------------------------------

  CREATE TABLE "JAY"."USERINFO" 
   (	"ID" VARCHAR2(10 BYTE), 
	"USERNAME" VARCHAR2(200 BYTE), 
	"PASSWORD" VARCHAR2(16 BYTE), 
	"USERLEVEL" NUMBER(1,0), 
	"NAME" VARCHAR2(200 BYTE), 
	"IDENTIFY" VARCHAR2(20 BYTE), 
	"TELEPHONE" VARCHAR2(11 BYTE), 
	"EMAIL" VARCHAR2(50 BYTE), 
	"BALANCE" NUMBER(8,2) DEFAULT 0
   ) SEGMENT CREATION IMMEDIATE 
  PCTFREE 10 PCTUSED 40 INITRANS 1 MAXTRANS 255 
 NOCOMPRESS LOGGING
  STORAGE(INITIAL 65536 NEXT 1048576 MINEXTENTS 1 MAXEXTENTS 2147483645
  PCTINCREASE 0 FREELISTS 1 FREELIST GROUPS 1
  BUFFER_POOL DEFAULT FLASH_CACHE DEFAULT CELL_FLASH_CACHE DEFAULT)
  TABLESPACE "TJ_DB" ;
--------------------------------------------------------
--  DDL for Table WEBCOUNTER
--------------------------------------------------------

  CREATE TABLE "JAY"."WEBCOUNTER" 
   (	"REQUEST" NUMBER(*,0), 
	"TRANS_AMOUNT" NUMBER(30,2), 
	"TOTALUSER" NUMBER(*,0)
   ) SEGMENT CREATION IMMEDIATE 
  PCTFREE 10 PCTUSED 40 INITRANS 1 MAXTRANS 255 
 NOCOMPRESS LOGGING
  STORAGE(INITIAL 65536 NEXT 1048576 MINEXTENTS 1 MAXEXTENTS 2147483645
  PCTINCREASE 0 FREELISTS 1 FREELIST GROUPS 1
  BUFFER_POOL DEFAULT FLASH_CACHE DEFAULT CELL_FLASH_CACHE DEFAULT)
  TABLESPACE "TJ_DB" ;
REM INSERTING into JAY.ABOUT_US
SET DEFINE OFF;
Insert into JAY.ABOUT_US (ID,QUESTION,ANSWER) values ('002','你们的使命是什么？','我们的使命是通过维修和翻新电子产品，减少电子废物的产生，并为客户提供高质量的维修解决方案。我们努力通过可持续的实践，推动电子消费行业的环保发展。');
Insert into JAY.ABOUT_US (ID,QUESTION,ANSWER) values ('003','为什么选择你们？','我们拥有经验丰富的维修团队，可以解决各种电子产品问题；我们致力于环保，通过回收和维修来减少电子废物对环境的影响；我们提供透明的定价和保修政策，让客户放心选择我们的服务。');
Insert into JAY.ABOUT_US (ID,QUESTION,ANSWER) values ('004','你们的价值观是什么？','我们的价值观包括环保、可靠性和客户至上。我们坚信，通过将不再使用的电子产品重新投入使用，可以为地球环境做出贡献。我们以可靠的维修和诚信的交易赢得客户的尊重和信赖，始终把客户的需求置于首位。');
Insert into JAY.ABOUT_US (ID,QUESTION,ANSWER) values ('001','你们是谁？',' 我们是一家致力于提供多类型电子产品回收与维修服务的专业门店。我们拥有经验丰富的技术团队，专注于延长电子产品的使用寿命与电子设别的回收。');
REM INSERTING into JAY.ADVERTISE
SET DEFINE OFF;
Insert into JAY.ADVERTISE (ID,IMAGE,STATUS) values ('AdId','some_url',0);
Insert into JAY.ADVERTISE (ID,IMAGE,STATUS) values ('21212','<another_url>',0);
REM INSERTING into JAY.COUNTER
SET DEFINE OFF;
Insert into JAY.COUNTER (TABLENAME,TABLECOUNT) values ('USERINFO',54);
Insert into JAY.COUNTER (TABLENAME,TABLECOUNT) values ('DEVICE',173);
Insert into JAY.COUNTER (TABLENAME,TABLECOUNT) values ('RECYCLE_ORDER',79);
Insert into JAY.COUNTER (TABLENAME,TABLECOUNT) values ('REPAIR_ORDER',82);
Insert into JAY.COUNTER (TABLENAME,TABLECOUNT) values ('SERVICE_LOC',28);
Insert into JAY.COUNTER (TABLENAME,TABLECOUNT) values ('ENGINEER',5);
Insert into JAY.COUNTER (TABLENAME,TABLECOUNT) values ('REPAIR_CATE',111);
Insert into JAY.COUNTER (TABLENAME,TABLECOUNT) values ('REPAIR_OPTIONS',110);
REM INSERTING into JAY.COUPON
SET DEFINE OFF;
Insert into JAY.COUPON (ID,NAME,TYPE,DISCOUNT,STATUS) values ('cou123','SALE!',1,0.1,1);
REM INSERTING into JAY.CREDIT_CARD
SET DEFINE OFF;
Insert into JAY.CREDIT_CARD (CARDID,USERID,BANK,ISDEFAULT,BALANCE) values ('123456','10051','456789',0,10000);
Insert into JAY.CREDIT_CARD (CARDID,USERID,BANK,ISDEFAULT,BALANCE) values ('89499','10051','999',0,10000);
Insert into JAY.CREDIT_CARD (CARDID,USERID,BANK,ISDEFAULT,BALANCE) values ('646','10051','456',0,10000);
Insert into JAY.CREDIT_CARD (CARDID,USERID,BANK,ISDEFAULT,BALANCE) values ('20020704','10000','GBANK',1,859856);
Insert into JAY.CREDIT_CARD (CARDID,USERID,BANK,ISDEFAULT,BALANCE) values ('20030517','10000','GBANK',0,10000);
Insert into JAY.CREDIT_CARD (CARDID,USERID,BANK,ISDEFAULT,BALANCE) values ('213','10051','231323',1,3425);
Insert into JAY.CREDIT_CARD (CARDID,USERID,BANK,ISDEFAULT,BALANCE) values ('23','10051','21',0,10000);
Insert into JAY.CREDIT_CARD (CARDID,USERID,BANK,ISDEFAULT,BALANCE) values ('111','10003','11',1,8889);
Insert into JAY.CREDIT_CARD (CARDID,USERID,BANK,ISDEFAULT,BALANCE) values ('100000','10000','chen',0,10000);
Insert into JAY.CREDIT_CARD (CARDID,USERID,BANK,ISDEFAULT,BALANCE) values ('1111 2222 3333 4444','10101','ABC',1,9000);
REM INSERTING into JAY.CUSTOMER_SERVICE
SET DEFINE OFF;
Insert into JAY.CUSTOMER_SERVICE (ID,QUESTION,ANSWER) values ('001','你们接受哪些类型的电子产品？','我们接受多种类型的电子产品，包括但不限于手机、平板电脑、笔记本电脑、台式电脑、相机、游戏机、电视、音响设备等。如果您不确定某种产品是否在我们的接受范围内，可以随时联系我们以获取更多信息。');
Insert into JAY.CUSTOMER_SERVICE (ID,QUESTION,ANSWER) values ('003','您的维修人员是否有资质？','是的，我们的维修人员经过专业培训，具有丰富的维修经验和相关的资质。他们能够应对各种电子产品的维修需求。');
Insert into JAY.CUSTOMER_SERVICE (ID,QUESTION,ANSWER) values ('004','你们对隐私和数据安全有何保障？','我们非常重视客户的隐私和数据安全。在进行维修之前，我们会建议您备份您的数据。在维修过程中，我们会尽力保护您的数据不受损失，但我们建议您在交付设备时删除个人敏感信息。');
Insert into JAY.CUSTOMER_SERVICE (ID,QUESTION,ANSWER) values ('005','您的价格是如何确定的？','我们的价格评估考虑了多个因素，包括设备类型、问题的严重程度、所需的零部件和维修时间。我们会根据这些因素提供您一个透明的报价，以确保价格的公平性和合理性。');
Insert into JAY.CUSTOMER_SERVICE (ID,QUESTION,ANSWER) values ('002','你们提供保修服务吗？','是的，我们提供一年期的保修服务，涵盖我们修复过的部件。凭借维修证明可在保修期内到任意门店进行保修,具体保修政策会因修复的内容而异，您可以咨询我们的工作人员以获取更多细节。');
REM INSERTING into JAY.DEVICE
SET DEFINE OFF;
Insert into JAY.DEVICE (DEVICEID,DEVICE_CATE_ID,DEVICE_TYPE_ID,PURCHASE_CHANNEL,STORAGE_CAPACITY) values ('001','001','001','null','null');
Insert into JAY.DEVICE (DEVICEID,DEVICE_CATE_ID,DEVICE_TYPE_ID,PURCHASE_CHANNEL,STORAGE_CAPACITY) values ('002','001','002','null','null');
Insert into JAY.DEVICE (DEVICEID,DEVICE_CATE_ID,DEVICE_TYPE_ID,PURCHASE_CHANNEL,STORAGE_CAPACITY) values ('003','001','003','null','null');
Insert into JAY.DEVICE (DEVICEID,DEVICE_CATE_ID,DEVICE_TYPE_ID,PURCHASE_CHANNEL,STORAGE_CAPACITY) values ('004','001','004','null','null');
Insert into JAY.DEVICE (DEVICEID,DEVICE_CATE_ID,DEVICE_TYPE_ID,PURCHASE_CHANNEL,STORAGE_CAPACITY) values ('005','004','005','null','null');
Insert into JAY.DEVICE (DEVICEID,DEVICE_CATE_ID,DEVICE_TYPE_ID,PURCHASE_CHANNEL,STORAGE_CAPACITY) values ('006','003','006','null','null');
Insert into JAY.DEVICE (DEVICEID,DEVICE_CATE_ID,DEVICE_TYPE_ID,PURCHASE_CHANNEL,STORAGE_CAPACITY) values ('007','003','007','null','null');
Insert into JAY.DEVICE (DEVICEID,DEVICE_CATE_ID,DEVICE_TYPE_ID,PURCHASE_CHANNEL,STORAGE_CAPACITY) values ('008','002','008','null','null');
Insert into JAY.DEVICE (DEVICEID,DEVICE_CATE_ID,DEVICE_TYPE_ID,PURCHASE_CHANNEL,STORAGE_CAPACITY) values ('009','005','009','null','null');
Insert into JAY.DEVICE (DEVICEID,DEVICE_CATE_ID,DEVICE_TYPE_ID,PURCHASE_CHANNEL,STORAGE_CAPACITY) values ('010','006','010','null','null');
Insert into JAY.DEVICE (DEVICEID,DEVICE_CATE_ID,DEVICE_TYPE_ID,PURCHASE_CHANNEL,STORAGE_CAPACITY) values ('011','006','011','null','null');
Insert into JAY.DEVICE (DEVICEID,DEVICE_CATE_ID,DEVICE_TYPE_ID,PURCHASE_CHANNEL,STORAGE_CAPACITY) values ('012','001','001','null','null');
Insert into JAY.DEVICE (DEVICEID,DEVICE_CATE_ID,DEVICE_TYPE_ID,PURCHASE_CHANNEL,STORAGE_CAPACITY) values ('013','001','002','null','null');
Insert into JAY.DEVICE (DEVICEID,DEVICE_CATE_ID,DEVICE_TYPE_ID,PURCHASE_CHANNEL,STORAGE_CAPACITY) values ('014','001','003','null','null');
Insert into JAY.DEVICE (DEVICEID,DEVICE_CATE_ID,DEVICE_TYPE_ID,PURCHASE_CHANNEL,STORAGE_CAPACITY) values ('015','001','004','null','null');
Insert into JAY.DEVICE (DEVICEID,DEVICE_CATE_ID,DEVICE_TYPE_ID,PURCHASE_CHANNEL,STORAGE_CAPACITY) values ('016','001','004','null','null');
Insert into JAY.DEVICE (DEVICEID,DEVICE_CATE_ID,DEVICE_TYPE_ID,PURCHASE_CHANNEL,STORAGE_CAPACITY) values ('86','001','003','null','null');
Insert into JAY.DEVICE (DEVICEID,DEVICE_CATE_ID,DEVICE_TYPE_ID,PURCHASE_CHANNEL,STORAGE_CAPACITY) values ('80','001','003','null','null');
Insert into JAY.DEVICE (DEVICEID,DEVICE_CATE_ID,DEVICE_TYPE_ID,PURCHASE_CHANNEL,STORAGE_CAPACITY) values ('85','001','003','null','null');
Insert into JAY.DEVICE (DEVICEID,DEVICE_CATE_ID,DEVICE_TYPE_ID,PURCHASE_CHANNEL,STORAGE_CAPACITY) values ('90','001','005','null','null');
Insert into JAY.DEVICE (DEVICEID,DEVICE_CATE_ID,DEVICE_TYPE_ID,PURCHASE_CHANNEL,STORAGE_CAPACITY) values ('91','001','003','null','null');
Insert into JAY.DEVICE (DEVICEID,DEVICE_CATE_ID,DEVICE_TYPE_ID,PURCHASE_CHANNEL,STORAGE_CAPACITY) values ('129','001','002','null','null');
Insert into JAY.DEVICE (DEVICEID,DEVICE_CATE_ID,DEVICE_TYPE_ID,PURCHASE_CHANNEL,STORAGE_CAPACITY) values ('136','001','002','null','null');
Insert into JAY.DEVICE (DEVICEID,DEVICE_CATE_ID,DEVICE_TYPE_ID,PURCHASE_CHANNEL,STORAGE_CAPACITY) values ('133','001','003','null','null');
Insert into JAY.DEVICE (DEVICEID,DEVICE_CATE_ID,DEVICE_TYPE_ID,PURCHASE_CHANNEL,STORAGE_CAPACITY) values ('146','001','002','自营门店','128G');
Insert into JAY.DEVICE (DEVICEID,DEVICE_CATE_ID,DEVICE_TYPE_ID,PURCHASE_CHANNEL,STORAGE_CAPACITY) values ('172','001','002','自营门店','64G');
Insert into JAY.DEVICE (DEVICEID,DEVICE_CATE_ID,DEVICE_TYPE_ID,PURCHASE_CHANNEL,STORAGE_CAPACITY) values ('166','001','006','自营门店','64G');
Insert into JAY.DEVICE (DEVICEID,DEVICE_CATE_ID,DEVICE_TYPE_ID,PURCHASE_CHANNEL,STORAGE_CAPACITY) values ('78','001','001','null','null');
Insert into JAY.DEVICE (DEVICEID,DEVICE_CATE_ID,DEVICE_TYPE_ID,PURCHASE_CHANNEL,STORAGE_CAPACITY) values ('79','001','003','null','null');
Insert into JAY.DEVICE (DEVICEID,DEVICE_CATE_ID,DEVICE_TYPE_ID,PURCHASE_CHANNEL,STORAGE_CAPACITY) values ('82','001','003','null','null');
Insert into JAY.DEVICE (DEVICEID,DEVICE_CATE_ID,DEVICE_TYPE_ID,PURCHASE_CHANNEL,STORAGE_CAPACITY) values ('84','001','003','null','null');
Insert into JAY.DEVICE (DEVICEID,DEVICE_CATE_ID,DEVICE_TYPE_ID,PURCHASE_CHANNEL,STORAGE_CAPACITY) values ('93','001','002','null','null');
Insert into JAY.DEVICE (DEVICEID,DEVICE_CATE_ID,DEVICE_TYPE_ID,PURCHASE_CHANNEL,STORAGE_CAPACITY) values ('114','001','001','null','null');
Insert into JAY.DEVICE (DEVICEID,DEVICE_CATE_ID,DEVICE_TYPE_ID,PURCHASE_CHANNEL,STORAGE_CAPACITY) values ('100','001','003','null','null');
Insert into JAY.DEVICE (DEVICEID,DEVICE_CATE_ID,DEVICE_TYPE_ID,PURCHASE_CHANNEL,STORAGE_CAPACITY) values ('101','001','003','null','null');
Insert into JAY.DEVICE (DEVICEID,DEVICE_CATE_ID,DEVICE_TYPE_ID,PURCHASE_CHANNEL,STORAGE_CAPACITY) values ('107','001','006','null','null');
Insert into JAY.DEVICE (DEVICEID,DEVICE_CATE_ID,DEVICE_TYPE_ID,PURCHASE_CHANNEL,STORAGE_CAPACITY) values ('116','001','001','null','null');
Insert into JAY.DEVICE (DEVICEID,DEVICE_CATE_ID,DEVICE_TYPE_ID,PURCHASE_CHANNEL,STORAGE_CAPACITY) values ('127','001','001','null','null');
Insert into JAY.DEVICE (DEVICEID,DEVICE_CATE_ID,DEVICE_TYPE_ID,PURCHASE_CHANNEL,STORAGE_CAPACITY) values ('152','001','002','自营门店','64G');
Insert into JAY.DEVICE (DEVICEID,DEVICE_CATE_ID,DEVICE_TYPE_ID,PURCHASE_CHANNEL,STORAGE_CAPACITY) values ('128','001','001','null','null');
Insert into JAY.DEVICE (DEVICEID,DEVICE_CATE_ID,DEVICE_TYPE_ID,PURCHASE_CHANNEL,STORAGE_CAPACITY) values ('143','001','002','官方门店','128G');
Insert into JAY.DEVICE (DEVICEID,DEVICE_CATE_ID,DEVICE_TYPE_ID,PURCHASE_CHANNEL,STORAGE_CAPACITY) values ('144','001','001','网络门店','64G');
Insert into JAY.DEVICE (DEVICEID,DEVICE_CATE_ID,DEVICE_TYPE_ID,PURCHASE_CHANNEL,STORAGE_CAPACITY) values ('150','001','002','自营门店','64G');
Insert into JAY.DEVICE (DEVICEID,DEVICE_CATE_ID,DEVICE_TYPE_ID,PURCHASE_CHANNEL,STORAGE_CAPACITY) values ('76','001','001','null','null');
Insert into JAY.DEVICE (DEVICEID,DEVICE_CATE_ID,DEVICE_TYPE_ID,PURCHASE_CHANNEL,STORAGE_CAPACITY) values ('77','001','001','null','null');
Insert into JAY.DEVICE (DEVICEID,DEVICE_CATE_ID,DEVICE_TYPE_ID,PURCHASE_CHANNEL,STORAGE_CAPACITY) values ('170','001','001','官方门店','64G');
Insert into JAY.DEVICE (DEVICEID,DEVICE_CATE_ID,DEVICE_TYPE_ID,PURCHASE_CHANNEL,STORAGE_CAPACITY) values ('88','001','006','null','null');
Insert into JAY.DEVICE (DEVICEID,DEVICE_CATE_ID,DEVICE_TYPE_ID,PURCHASE_CHANNEL,STORAGE_CAPACITY) values ('89','001','002','null','null');
Insert into JAY.DEVICE (DEVICEID,DEVICE_CATE_ID,DEVICE_TYPE_ID,PURCHASE_CHANNEL,STORAGE_CAPACITY) values ('71','001','001','null','null');
Insert into JAY.DEVICE (DEVICEID,DEVICE_CATE_ID,DEVICE_TYPE_ID,PURCHASE_CHANNEL,STORAGE_CAPACITY) values ('81','001','003','null','null');
Insert into JAY.DEVICE (DEVICEID,DEVICE_CATE_ID,DEVICE_TYPE_ID,PURCHASE_CHANNEL,STORAGE_CAPACITY) values ('70','001','001','null','null');
Insert into JAY.DEVICE (DEVICEID,DEVICE_CATE_ID,DEVICE_TYPE_ID,PURCHASE_CHANNEL,STORAGE_CAPACITY) values ('73','001','001','null','null');
Insert into JAY.DEVICE (DEVICEID,DEVICE_CATE_ID,DEVICE_TYPE_ID,PURCHASE_CHANNEL,STORAGE_CAPACITY) values ('74','001','001','null','null');
Insert into JAY.DEVICE (DEVICEID,DEVICE_CATE_ID,DEVICE_TYPE_ID,PURCHASE_CHANNEL,STORAGE_CAPACITY) values ('75','001','001','null','null');
Insert into JAY.DEVICE (DEVICEID,DEVICE_CATE_ID,DEVICE_TYPE_ID,PURCHASE_CHANNEL,STORAGE_CAPACITY) values ('83','001','003','null','null');
Insert into JAY.DEVICE (DEVICEID,DEVICE_CATE_ID,DEVICE_TYPE_ID,PURCHASE_CHANNEL,STORAGE_CAPACITY) values ('92','001','002','null','null');
Insert into JAY.DEVICE (DEVICEID,DEVICE_CATE_ID,DEVICE_TYPE_ID,PURCHASE_CHANNEL,STORAGE_CAPACITY) values ('132','001','002','null','null');
Insert into JAY.DEVICE (DEVICEID,DEVICE_CATE_ID,DEVICE_TYPE_ID,PURCHASE_CHANNEL,STORAGE_CAPACITY) values ('138','001','002','null','null');
Insert into JAY.DEVICE (DEVICEID,DEVICE_CATE_ID,DEVICE_TYPE_ID,PURCHASE_CHANNEL,STORAGE_CAPACITY) values ('140','001','002','null','null');
Insert into JAY.DEVICE (DEVICEID,DEVICE_CATE_ID,DEVICE_TYPE_ID,PURCHASE_CHANNEL,STORAGE_CAPACITY) values ('104','001','003','null','null');
Insert into JAY.DEVICE (DEVICEID,DEVICE_CATE_ID,DEVICE_TYPE_ID,PURCHASE_CHANNEL,STORAGE_CAPACITY) values ('141','001','002','null','null');
Insert into JAY.DEVICE (DEVICEID,DEVICE_CATE_ID,DEVICE_TYPE_ID,PURCHASE_CHANNEL,STORAGE_CAPACITY) values ('154','001','002','自营门店','64G');
Insert into JAY.DEVICE (DEVICEID,DEVICE_CATE_ID,DEVICE_TYPE_ID,PURCHASE_CHANNEL,STORAGE_CAPACITY) values ('111','001','003','null','null');
Insert into JAY.DEVICE (DEVICEID,DEVICE_CATE_ID,DEVICE_TYPE_ID,PURCHASE_CHANNEL,STORAGE_CAPACITY) values ('119','001','002','null','null');
Insert into JAY.DEVICE (DEVICEID,DEVICE_CATE_ID,DEVICE_TYPE_ID,PURCHASE_CHANNEL,STORAGE_CAPACITY) values ('66','001','001','null','null');
Insert into JAY.DEVICE (DEVICEID,DEVICE_CATE_ID,DEVICE_TYPE_ID,PURCHASE_CHANNEL,STORAGE_CAPACITY) values ('67','001','001','null','null');
Insert into JAY.DEVICE (DEVICEID,DEVICE_CATE_ID,DEVICE_TYPE_ID,PURCHASE_CHANNEL,STORAGE_CAPACITY) values ('68','001','001','null','null');
Insert into JAY.DEVICE (DEVICEID,DEVICE_CATE_ID,DEVICE_TYPE_ID,PURCHASE_CHANNEL,STORAGE_CAPACITY) values ('69','001','001','null','null');
Insert into JAY.DEVICE (DEVICEID,DEVICE_CATE_ID,DEVICE_TYPE_ID,PURCHASE_CHANNEL,STORAGE_CAPACITY) values ('72','001','001','null','null');
Insert into JAY.DEVICE (DEVICEID,DEVICE_CATE_ID,DEVICE_TYPE_ID,PURCHASE_CHANNEL,STORAGE_CAPACITY) values ('87','001','006','null','null');
Insert into JAY.DEVICE (DEVICEID,DEVICE_CATE_ID,DEVICE_TYPE_ID,PURCHASE_CHANNEL,STORAGE_CAPACITY) values ('134','001','003','null','null');
Insert into JAY.DEVICE (DEVICEID,DEVICE_CATE_ID,DEVICE_TYPE_ID,PURCHASE_CHANNEL,STORAGE_CAPACITY) values ('145','001','002','自营门店','64G');
Insert into JAY.DEVICE (DEVICEID,DEVICE_CATE_ID,DEVICE_TYPE_ID,PURCHASE_CHANNEL,STORAGE_CAPACITY) values ('102','001','003','null','null');
Insert into JAY.DEVICE (DEVICEID,DEVICE_CATE_ID,DEVICE_TYPE_ID,PURCHASE_CHANNEL,STORAGE_CAPACITY) values ('105','001','002','null','null');
Insert into JAY.DEVICE (DEVICEID,DEVICE_CATE_ID,DEVICE_TYPE_ID,PURCHASE_CHANNEL,STORAGE_CAPACITY) values ('109','001','004','null','null');
Insert into JAY.DEVICE (DEVICEID,DEVICE_CATE_ID,DEVICE_TYPE_ID,PURCHASE_CHANNEL,STORAGE_CAPACITY) values ('126','001','001','null','null');
Insert into JAY.DEVICE (DEVICEID,DEVICE_CATE_ID,DEVICE_TYPE_ID,PURCHASE_CHANNEL,STORAGE_CAPACITY) values ('130','001','002','null','null');
Insert into JAY.DEVICE (DEVICEID,DEVICE_CATE_ID,DEVICE_TYPE_ID,PURCHASE_CHANNEL,STORAGE_CAPACITY) values ('108','001','004','null','null');
Insert into JAY.DEVICE (DEVICEID,DEVICE_CATE_ID,DEVICE_TYPE_ID,PURCHASE_CHANNEL,STORAGE_CAPACITY) values ('110','001','006','null','null');
Insert into JAY.DEVICE (DEVICEID,DEVICE_CATE_ID,DEVICE_TYPE_ID,PURCHASE_CHANNEL,STORAGE_CAPACITY) values ('112','001','001','null','null');
Insert into JAY.DEVICE (DEVICEID,DEVICE_CATE_ID,DEVICE_TYPE_ID,PURCHASE_CHANNEL,STORAGE_CAPACITY) values ('113','001','001','null','null');
Insert into JAY.DEVICE (DEVICEID,DEVICE_CATE_ID,DEVICE_TYPE_ID,PURCHASE_CHANNEL,STORAGE_CAPACITY) values ('131','001','002','null','null');
Insert into JAY.DEVICE (DEVICEID,DEVICE_CATE_ID,DEVICE_TYPE_ID,PURCHASE_CHANNEL,STORAGE_CAPACITY) values ('135','001','002','null','null');
Insert into JAY.DEVICE (DEVICEID,DEVICE_CATE_ID,DEVICE_TYPE_ID,PURCHASE_CHANNEL,STORAGE_CAPACITY) values ('137','001','002','null','null');
Insert into JAY.DEVICE (DEVICEID,DEVICE_CATE_ID,DEVICE_TYPE_ID,PURCHASE_CHANNEL,STORAGE_CAPACITY) values ('139','001','002','null','null');
Insert into JAY.DEVICE (DEVICEID,DEVICE_CATE_ID,DEVICE_TYPE_ID,PURCHASE_CHANNEL,STORAGE_CAPACITY) values ('158','001','002','自营门店','64G');
Insert into JAY.DEVICE (DEVICEID,DEVICE_CATE_ID,DEVICE_TYPE_ID,PURCHASE_CHANNEL,STORAGE_CAPACITY) values ('151','001','002','官方门店','128G');
REM INSERTING into JAY.DEVICE_CATE
SET DEFINE OFF;
Insert into JAY.DEVICE_CATE (CATEGORYID,CATEGORY_NAME) values ('001','phone');
Insert into JAY.DEVICE_CATE (CATEGORYID,CATEGORY_NAME) values ('002','pc');
Insert into JAY.DEVICE_CATE (CATEGORYID,CATEGORY_NAME) values ('003','laptop');
Insert into JAY.DEVICE_CATE (CATEGORYID,CATEGORY_NAME) values ('004','earphone');
Insert into JAY.DEVICE_CATE (CATEGORYID,CATEGORY_NAME) values ('005','mp3');
Insert into JAY.DEVICE_CATE (CATEGORYID,CATEGORY_NAME) values ('006','gameconsole');
Insert into JAY.DEVICE_CATE (CATEGORYID,CATEGORY_NAME) values ('009','pad');
Insert into JAY.DEVICE_CATE (CATEGORYID,CATEGORY_NAME) values ('010','monitor');
Insert into JAY.DEVICE_CATE (CATEGORYID,CATEGORY_NAME) values ('007','handle');
Insert into JAY.DEVICE_CATE (CATEGORYID,CATEGORY_NAME) values ('008','keyboard');
REM INSERTING into JAY.DEVICE_EVALUATION
SET DEFINE OFF;
Insert into JAY.DEVICE_EVALUATION (DEVICEID,EVALUATION,PRICE) values ('001','wrecked screen',1000);
Insert into JAY.DEVICE_EVALUATION (DEVICEID,EVALUATION,PRICE) values ('002','no volume',1500);
Insert into JAY.DEVICE_EVALUATION (DEVICEID,EVALUATION,PRICE) values ('003','battery broken',500);
Insert into JAY.DEVICE_EVALUATION (DEVICEID,EVALUATION,PRICE) values ('004','water inside',800);
Insert into JAY.DEVICE_EVALUATION (DEVICEID,EVALUATION,PRICE) values ('005','screen shock',50);
Insert into JAY.DEVICE_EVALUATION (DEVICEID,EVALUATION,PRICE) values ('006','uable to charge',200);
Insert into JAY.DEVICE_EVALUATION (DEVICEID,EVALUATION,PRICE) values ('007','90% new, lady-used',8000);
Insert into JAY.DEVICE_EVALUATION (DEVICEID,EVALUATION,PRICE) values ('008','80% new,used to be bitcon miner',5000);
Insert into JAY.DEVICE_EVALUATION (DEVICEID,EVALUATION,PRICE) values ('009','leftside broken',200);
Insert into JAY.DEVICE_EVALUATION (DEVICEID,EVALUATION,PRICE) values ('010','double hand,almost new',2000);
Insert into JAY.DEVICE_EVALUATION (DEVICEID,EVALUATION,PRICE) values ('011','wrecked screen',1800);
Insert into JAY.DEVICE_EVALUATION (DEVICEID,EVALUATION,PRICE) values ('012','low sensity with touch',2000);
Insert into JAY.DEVICE_EVALUATION (DEVICEID,EVALUATION,PRICE) values ('013','Jiayou Huawei,Jiayou China',9999);
Insert into JAY.DEVICE_EVALUATION (DEVICEID,EVALUATION,PRICE) values ('014','burnt mainboard',50);
Insert into JAY.DEVICE_EVALUATION (DEVICEID,EVALUATION,PRICE) values ('015','camera broken',500);
Insert into JAY.DEVICE_EVALUATION (DEVICEID,EVALUATION,PRICE) values ('016','????????????',500);
REM INSERTING into JAY.DEVICE_TYPE
SET DEFINE OFF;
Insert into JAY.DEVICE_TYPE (TYPEID,TYPE_NAME,BRAND,STRUCTURE_URL) values ('001','iPhone6','Apple',JAY.URLSET('http://110.42.220.245:8081/Image/iPhone6.jpg', 'http://110.42.220.245:8081/Image/iPhone6(1).jpg', 'http://110.42.220.245:8081/Image/iPhone6(2).jpg'));
Insert into JAY.DEVICE_TYPE (TYPEID,TYPE_NAME,BRAND,STRUCTURE_URL) values ('002','Mate50','Huawei',JAY.URLSET('http://110.42.220.245:8081/Image/Mate50.jpg', 'http://110.42.220.245:8081/Image/Mate50(1).jpg', 'http://110.42.220.245:8081/Image/Mate50(2).jpg'));
Insert into JAY.DEVICE_TYPE (TYPEID,TYPE_NAME,BRAND,STRUCTURE_URL) values ('003','K40','Xiaomi',JAY.URLSET('http://110.42.220.245:8081/Image/K40.jpg', 'http://110.42.220.245:8081/Image/K40(1).jpg', 'http://110.42.220.245:8081/Image/K40(2).jpg'));
Insert into JAY.DEVICE_TYPE (TYPEID,TYPE_NAME,BRAND,STRUCTURE_URL) values ('004','Reno6','OPPO',JAY.URLSET('http://110.42.220.245:8081/Image/Reno6.jpg', 'http://110.42.220.245:8081/Image/Reno6(1).jpg', 'http://110.42.220.245:8081/Image/Reno6(2).jpg'));
Insert into JAY.DEVICE_TYPE (TYPEID,TYPE_NAME,BRAND,STRUCTURE_URL) values ('005','Airpods1','Apple',JAY.URLSET('http://110.42.220.245:8081/Image/Airpods1.jpg', 'http://110.42.220.245:8081/Image/Airpods1(1).jpg', 'http://110.42.220.245:8081/Image/Airpods1(2).jpg'));
Insert into JAY.DEVICE_TYPE (TYPEID,TYPE_NAME,BRAND,STRUCTURE_URL) values ('006','MacBook','Apple',JAY.URLSET('http://110.42.220.245:8081/Image/MacBook.jpg', 'http://110.42.220.245:8081/Image/MacBook(1).jpg', 'http://110.42.220.245:8081/Image/MacBook(2).jpg'));
Insert into JAY.DEVICE_TYPE (TYPEID,TYPE_NAME,BRAND,STRUCTURE_URL) values ('007','REGION7000','Lenovo',JAY.URLSET('http://110.42.220.245:8081/Image/REGION7000.jpg', 'http://110.42.220.245:8081/Image/REGION7000(1).jpg', 'http://110.42.220.245:8081/Image/REGION7000(2).jpg'));
Insert into JAY.DEVICE_TYPE (TYPEID,TYPE_NAME,BRAND,STRUCTURE_URL) values ('008','AlienWare','Dell',JAY.URLSET('http://110.42.220.245:8081/Image/AlienWare.jpg', 'http://110.42.220.245:8081/Image/AlienWare(1).jpg', 'http://110.42.220.245:8081/Image/AlienWare(2).jpg'));
Insert into JAY.DEVICE_TYPE (TYPEID,TYPE_NAME,BRAND,STRUCTURE_URL) values ('009','NW-A55','Sony',JAY.URLSET('http://110.42.220.245:8081/Image/NW-A55.jpg', 'http://110.42.220.245:8081/Image/NW-A55(1).jpg', 'http://110.42.220.245:8081/Image/NW-A55(2).jpg'));
Insert into JAY.DEVICE_TYPE (TYPEID,TYPE_NAME,BRAND,STRUCTURE_URL) values ('010','PlayStation5','Sony',JAY.URLSET('http://110.42.220.245:8081/Image/PlayStation5.jpg', 'http://110.42.220.245:8081/Image/PlayStation5(1).jpg', 'http://110.42.220.245:8081/Image/PlayStation5(2).jpg'));
Insert into JAY.DEVICE_TYPE (TYPEID,TYPE_NAME,BRAND,STRUCTURE_URL) values ('011','Switch','Nintendo',JAY.URLSET('http://110.42.220.245:8081/Image/Switch.jpg', 'http://110.42.220.245:8081/Image/Switch(1).jpg', 'http://110.42.220.245:8081/Image/Switch(2).jpg'));
Insert into JAY.DEVICE_TYPE (TYPEID,TYPE_NAME,BRAND,STRUCTURE_URL) values ('013','iPhone13','Apple',JAY.URLSET('http://110.42.220.245:8081/Image/iPhone13.jpg', 'http://110.42.220.245:8081/Image/iPhone13(1).jpg', 'http://110.42.220.245:8081/Image/iPhone13(2).jpg'));
Insert into JAY.DEVICE_TYPE (TYPEID,TYPE_NAME,BRAND,STRUCTURE_URL) values ('014','iPhone14','Apple',JAY.URLSET('http://110.42.220.245:8081/Image/iPhone14.jpg', 'http://110.42.220.245:8081/Image/iPhone14(1).jpg', 'http://110.42.220.245:8081/Image/iPhone14(2).jpg'));
Insert into JAY.DEVICE_TYPE (TYPEID,TYPE_NAME,BRAND,STRUCTURE_URL) values ('012','iPhone12','Apple',JAY.URLSET('http://110.42.220.245:8081/Image/iPhone12.jpg', 'http://110.42.220.245:8081/Image/iPhone12(1).jpg', 'http://110.42.220.245:8081/Image/iPhone12(2).jpg'));
Insert into JAY.DEVICE_TYPE (TYPEID,TYPE_NAME,BRAND,STRUCTURE_URL) values ('016','Mate40','Huawei',JAY.URLSET('http://110.42.220.245:8081/Image/Mate40.jpg', 'http://110.42.220.245:8081/Image/Mate40(1).jpg', 'http://110.42.220.245:8081/Image/Mate40(2).jpg'));
Insert into JAY.DEVICE_TYPE (TYPEID,TYPE_NAME,BRAND,STRUCTURE_URL) values ('017','MateX2','Huawei',JAY.URLSET('http://110.42.220.245:8081/Image/MateX2.jpg', 'http://110.42.220.245:8081/Image/MateX2(1).jpg', 'http://110.42.220.245:8081/Image/MateX2(2).jpg'));
Insert into JAY.DEVICE_TYPE (TYPEID,TYPE_NAME,BRAND,STRUCTURE_URL) values ('015','P50','Huawei',JAY.URLSET('http://110.42.220.245:8081/Image/P50.jpg', 'http://110.42.220.245:8081/Image/P50(1).jpg', 'http://110.42.220.245:8081/Image/P50(2).jpg'));
Insert into JAY.DEVICE_TYPE (TYPEID,TYPE_NAME,BRAND,STRUCTURE_URL) values ('018','Mi13','Xiaomi',JAY.URLSET('http://110.42.220.245:8081/Image/Mi13.jpg', 'http://110.42.220.245:8081/Image/Mi13(1).jpg', 'http://110.42.220.245:8081/Image/Mi13(2).jpg'));
Insert into JAY.DEVICE_TYPE (TYPEID,TYPE_NAME,BRAND,STRUCTURE_URL) values ('019','MixFold3','Xiaomi',JAY.URLSET('http://110.42.220.245:8081/Image/MixFold3.jpg', 'http://110.42.220.245:8081/Image/MixFold3(1).jpg', 'http://110.42.220.245:8081/Image/MixFold3(2).jpg'));
Insert into JAY.DEVICE_TYPE (TYPEID,TYPE_NAME,BRAND,STRUCTURE_URL) values ('020','Note12T','Xiaomi',JAY.URLSET('http://110.42.220.245:8081/Image/Note12T.jpg', 'http://110.42.220.245:8081/Image/Note12T(1).jpg', 'http://110.42.220.245:8081/Image/Note12T(2).jpg'));
Insert into JAY.DEVICE_TYPE (TYPEID,TYPE_NAME,BRAND,STRUCTURE_URL) values ('021','N3Flip','OPPO',JAY.URLSET('http://110.42.220.245:8081/Image/N3Flip.jpg', 'http://110.42.220.245:8081/Image/N3Flip(1).jpg', 'http://110.42.220.245:8081/Image/N3Flip(2).jpg'));
Insert into JAY.DEVICE_TYPE (TYPEID,TYPE_NAME,BRAND,STRUCTURE_URL) values ('022','FindN2','OPPO',JAY.URLSET('http://110.42.220.245:8081/Image/FindN2.jpg', 'http://110.42.220.245:8081/Image/FindN2(1).jpg', 'http://110.42.220.245:8081/Image/FindN2(2).jpg'));
Insert into JAY.DEVICE_TYPE (TYPEID,TYPE_NAME,BRAND,STRUCTURE_URL) values ('024','AirPods3','Apple',JAY.URLSET('http://110.42.220.245:8081/Image/AirPods3.jpg', 'http://110.42.220.245:8081/Image/AirPods3(1).jpg', 'http://110.42.220.245:8081/Image/AirPods3(2).jpg'));
Insert into JAY.DEVICE_TYPE (TYPEID,TYPE_NAME,BRAND,STRUCTURE_URL) values ('025','AirPodsPro2','Apple',JAY.URLSET('http://110.42.220.245:8081/Image/AirPodsPro2.jpg', 'http://110.42.220.245:8081/Image/AirPodsPro2(1).jpg', 'http://110.42.220.245:8081/Image/AirPodsPro2(2).jpg'));
Insert into JAY.DEVICE_TYPE (TYPEID,TYPE_NAME,BRAND,STRUCTURE_URL) values ('026','AirPodsMax','Apple',JAY.URLSET('http://110.42.220.245:8081/Image/AirPodsMax.jpg', 'http://110.42.220.245:8081/Image/AirPodsMax(1).jpg', 'http://110.42.220.245:8081/Image/AirPodsMax(2).jpg'));
Insert into JAY.DEVICE_TYPE (TYPEID,TYPE_NAME,BRAND,STRUCTURE_URL) values ('027','MacBookAirM2','Apple',JAY.URLSET('http://110.42.220.245:8081/Image/MacBookAirM2.jpg', 'http://110.42.220.245:8081/Image/MacBookAirM2(1).jpg', 'http://110.42.220.245:8081/Image/MacBookAirM2(2).jpg'));
Insert into JAY.DEVICE_TYPE (TYPEID,TYPE_NAME,BRAND,STRUCTURE_URL) values ('028','MacBookProM2','Apple',JAY.URLSET('http://110.42.220.245:8081/Image/MacBookProM2.jpg', 'http://110.42.220.245:8081/Image/MacBookProM2(1).jpg', 'http://110.42.220.245:8081/Image/MacBookProM2(2).jpg'));
Insert into JAY.DEVICE_TYPE (TYPEID,TYPE_NAME,BRAND,STRUCTURE_URL) values ('029','MacStudio','Apple',JAY.URLSET('http://110.42.220.245:8081/Image/MacStudio.jpg', 'http://110.42.220.245:8081/Image/MacStudio(1).jpg', 'http://110.42.220.245:8081/Image/MacStudio(2).jpg'));
Insert into JAY.DEVICE_TYPE (TYPEID,TYPE_NAME,BRAND,STRUCTURE_URL) values ('030','Y9000P','Lenovo',JAY.URLSET('http://110.42.220.245:8081/Image/Y9000P.jpg', 'http://110.42.220.245:8081/Image/Y9000P(1).jpg', 'http://110.42.220.245:8081/Image/Y9000P(2).jpg'));
Insert into JAY.DEVICE_TYPE (TYPEID,TYPE_NAME,BRAND,STRUCTURE_URL) values ('031','Y7000P','Lenovo',JAY.URLSET('http://110.42.220.245:8081/Image/Y7000P.jpg', 'http://110.42.220.245:8081/Image/Y7000P(1).jpg', 'http://110.42.220.245:8081/Image/Y7000P(2).jpg'));
Insert into JAY.DEVICE_TYPE (TYPEID,TYPE_NAME,BRAND,STRUCTURE_URL) values ('032','Y9000K','Lenovo',JAY.URLSET('http://110.42.220.245:8081/Image/Y9000K.jpg', 'http://110.42.220.245:8081/Image/Y9000K(1).jpg', 'http://110.42.220.245:8081/Image/Y9000K(2).jpg'));
Insert into JAY.DEVICE_TYPE (TYPEID,TYPE_NAME,BRAND,STRUCTURE_URL) values ('033','G15','Dell',JAY.URLSET('http://110.42.220.245:8081/Image/G15.jpg', 'http://110.42.220.245:8081/Image/G15(1).jpg', 'http://110.42.220.245:8081/Image/G15(2).jpg'));
Insert into JAY.DEVICE_TYPE (TYPEID,TYPE_NAME,BRAND,STRUCTURE_URL) values ('034','XPS13','Dell',JAY.URLSET('http://110.42.220.245:8081/Image/XPS13.jpg', 'http://110.42.220.245:8081/Image/XPS13(1).jpg', 'http://110.42.220.245:8081/Image/XPS13(2).jpg'));
Insert into JAY.DEVICE_TYPE (TYPEID,TYPE_NAME,BRAND,STRUCTURE_URL) values ('035','PrecisionM3800','Dell',JAY.URLSET('http://110.42.220.245:8081/Image/PrecisionM3800.jpg', 'http://110.42.220.245:8081/Image/PrecisionM3800(1).jpg', 'http://110.42.220.245:8081/Image/PrecisionM3800(2).jpg'));
Insert into JAY.DEVICE_TYPE (TYPEID,TYPE_NAME,BRAND,STRUCTURE_URL) values ('023','Reno10','OPPO',JAY.URLSET('http://110.42.220.245:8081/Image/Reno10.jpg', 'http://110.42.220.245:8081/Image/Reno10(1).jpg', 'http://110.42.220.245:8081/Image/Reno10(2).jpg'));
REM INSERTING into JAY.ENGINEER
SET DEFINE OFF;
Insert into JAY.ENGINEER (ID,NAME,SEX,WORKINGYEARS,SALARY,RATE,PASSWORD,WORK_CENTER) values ('eng456','Alice','F',1,28642.23,3,'iampretty','Center001');
Insert into JAY.ENGINEER (ID,NAME,SEX,WORKINGYEARS,SALARY,RATE,PASSWORD,WORK_CENTER) values ('eng001','Bob','M',20,2000,5,'12333','Center001');
Insert into JAY.ENGINEER (ID,NAME,SEX,WORKINGYEARS,SALARY,RATE,PASSWORD,WORK_CENTER) values ('eng002','Cathy','F',15,25000,5,'happyEveryDay','Center001');
Insert into JAY.ENGINEER (ID,NAME,SEX,WORKINGYEARS,SALARY,RATE,PASSWORD,WORK_CENTER) values ('eng003','Violet','F',6,10000,4,'iAmTheBest','Center003');
Insert into JAY.ENGINEER (ID,NAME,SEX,WORKINGYEARS,SALARY,RATE,PASSWORD,WORK_CENTER) values ('eng004','Eason','M',2,5000,1,'moyuwozuiniu','Center001');
REM INSERTING into JAY.NEWS_SYSTEM
SET DEFINE OFF;
Insert into JAY.NEWS_SYSTEM (ID,USERID,NEWS_TITLE,NEWS_DATE,NEWS_CONTENT,ISREAD) values ('10051&638294278045782573','10051','订单创建成功',to_timestamp('04-9月 -23 12.36.44.000000000 下午','DD-MON-RR HH.MI.SSXFF AM'),'回收订单10070成功创建，可至订单页面查看',0);
Insert into JAY.NEWS_SYSTEM (ID,USERID,NEWS_TITLE,NEWS_DATE,NEWS_CONTENT,ISREAD) values ('10000&638294539350485056','10000','订单修改成功',to_timestamp('04-9月 -23 07.52.15.000000000 下午','DD-MON-RR HH.MI.SSXFF AM'),'回收订单10068成功修改，可至回收页面查看',1);
Insert into JAY.NEWS_SYSTEM (ID,USERID,NEWS_TITLE,NEWS_DATE,NEWS_CONTENT,ISREAD) values ('10000&638294542237358840','10000','订单创建成功',to_timestamp('04-9月 -23 07.57.03.000000000 下午','DD-MON-RR HH.MI.SSXFF AM'),'维修订单10066成功创建，可至维修页面查看',0);
Insert into JAY.NEWS_SYSTEM (ID,USERID,NEWS_TITLE,NEWS_DATE,NEWS_CONTENT,ISREAD) values ('10000&638294547271356048','10000','订单删除成功',to_timestamp('04-9月 -23 08.05.27.000000000 下午','DD-MON-RR HH.MI.SSXFF AM'),'维修订单10066成功删除',0);
Insert into JAY.NEWS_SYSTEM (ID,USERID,NEWS_TITLE,NEWS_DATE,NEWS_CONTENT,ISREAD) values ('10000&638294275454978743','10000','订单创建成功',to_timestamp('04-9月 -23 12.32.25.000000000 下午','DD-MON-RR HH.MI.SSXFF AM'),'维修订单10071成功创建，可至维修页面查看',0);
Insert into JAY.NEWS_SYSTEM (ID,USERID,NEWS_TITLE,NEWS_DATE,NEWS_CONTENT,ISREAD) values ('10000&638294345506808011','10000','订单创建成功',to_timestamp('04-9月 -23 02.29.10.000000000 下午','DD-MON-RR HH.MI.SSXFF AM'),'回收订单10074成功创建，可至订单页面查看',0);
Insert into JAY.NEWS_SYSTEM (ID,USERID,NEWS_TITLE,NEWS_DATE,NEWS_CONTENT,ISREAD) values ('10051&638295139024845644','10051','订单创建成功',to_timestamp('05-9月 -23 12.31.42.000000000 下午','DD-MON-RR HH.MI.SSXFF AM'),'回收订单10077成功创建，可至订单页面查看',0);
Insert into JAY.NEWS_SYSTEM (ID,USERID,NEWS_TITLE,NEWS_DATE,NEWS_CONTENT,ISREAD) values ('10051&638295139870856829','10051','订单删除成功',to_timestamp('05-9月 -23 12.33.07.000000000 下午','DD-MON-RR HH.MI.SSXFF AM'),'回收订单10077成功删除',0);
Insert into JAY.NEWS_SYSTEM (ID,USERID,NEWS_TITLE,NEWS_DATE,NEWS_CONTENT,ISREAD) values ('10051&638295243512833816','10051','订单删除成功',to_timestamp('05-9月 -23 03.25.51.000000000 下午','DD-MON-RR HH.MI.SSXFF AM'),'回收订单10070成功删除',0);
Insert into JAY.NEWS_SYSTEM (ID,USERID,NEWS_TITLE,NEWS_DATE,NEWS_CONTENT,ISREAD) values ('10051&638295243578231174','10051','订单删除成功',to_timestamp('05-9月 -23 03.25.57.000000000 下午','DD-MON-RR HH.MI.SSXFF AM'),'维修订单10079成功删除',0);
Insert into JAY.NEWS_SYSTEM (ID,USERID,NEWS_TITLE,NEWS_DATE,NEWS_CONTENT,ISREAD) values ('10051&638295243595507056','10051','订单删除成功',to_timestamp('05-9月 -23 03.25.59.000000000 下午','DD-MON-RR HH.MI.SSXFF AM'),'维修订单10080成功删除',0);
Insert into JAY.NEWS_SYSTEM (ID,USERID,NEWS_TITLE,NEWS_DATE,NEWS_CONTENT,ISREAD) values ('10051&638295243723077617','10051','订单创建成功',to_timestamp('05-9月 -23 03.26.12.000000000 下午','DD-MON-RR HH.MI.SSXFF AM'),'回收订单10078成功创建，可至订单页面查看',0);
Insert into JAY.NEWS_SYSTEM (ID,USERID,NEWS_TITLE,NEWS_DATE,NEWS_CONTENT,ISREAD) values ('10000&638294275622836635','10000','订单修改成功',to_timestamp('04-9月 -23 12.32.42.000000000 下午','DD-MON-RR HH.MI.SSXFF AM'),'维修订单10071成功修改，可至维修页面查看',0);
Insert into JAY.NEWS_SYSTEM (ID,USERID,NEWS_TITLE,NEWS_DATE,NEWS_CONTENT,ISREAD) values ('10051&638294278054797400','10051','订单创建成功',to_timestamp('04-9月 -23 12.36.45.000000000 下午','DD-MON-RR HH.MI.SSXFF AM'),'回收订单10073成功创建，可至订单页面查看',0);
Insert into JAY.NEWS_SYSTEM (ID,USERID,NEWS_TITLE,NEWS_DATE,NEWS_CONTENT,ISREAD) values ('10000&638294346228828468','10000','订单创建成功',to_timestamp('04-9月 -23 02.30.22.000000000 下午','DD-MON-RR HH.MI.SSXFF AM'),'回收订单10075成功创建，可至订单页面查看',0);
Insert into JAY.NEWS_SYSTEM (ID,USERID,NEWS_TITLE,NEWS_DATE,NEWS_CONTENT,ISREAD) values ('10000&638294872131784794','10000','订单创建成功',to_timestamp('05-9月 -23 05.06.53.000000000 上午','DD-MON-RR HH.MI.SSXFF AM'),'维修订单10075成功创建，可至维修页面查看',0);
Insert into JAY.NEWS_SYSTEM (ID,USERID,NEWS_TITLE,NEWS_DATE,NEWS_CONTENT,ISREAD) values ('10051&638295128642181608','10051','订单删除成功',to_timestamp('05-9月 -23 12.14.24.000000000 下午','DD-MON-RR HH.MI.SSXFF AM'),'回收订单10069成功删除',0);
Insert into JAY.NEWS_SYSTEM (ID,USERID,NEWS_TITLE,NEWS_DATE,NEWS_CONTENT,ISREAD) values ('10051&638295243485171726','10051','订单删除成功',to_timestamp('05-9月 -23 03.25.48.000000000 下午','DD-MON-RR HH.MI.SSXFF AM'),'回收订单10076成功删除',0);
Insert into JAY.NEWS_SYSTEM (ID,USERID,NEWS_TITLE,NEWS_DATE,NEWS_CONTENT,ISREAD) values ('10051&638295243499350557','10051','订单删除成功',to_timestamp('05-9月 -23 03.25.49.000000000 下午','DD-MON-RR HH.MI.SSXFF AM'),'回收订单10067成功删除',0);
Insert into JAY.NEWS_SYSTEM (ID,USERID,NEWS_TITLE,NEWS_DATE,NEWS_CONTENT,ISREAD) values ('10051&638295243958767660','10051','订单创建成功',to_timestamp('05-9月 -23 03.26.35.000000000 下午','DD-MON-RR HH.MI.SSXFF AM'),'维修订单10081成功创建，可至维修页面查看',0);
Insert into JAY.NEWS_SYSTEM (ID,USERID,NEWS_TITLE,NEWS_DATE,NEWS_CONTENT,ISREAD) values ('10000&638294539427087271','10000','订单删除成功',to_timestamp('04-9月 -23 07.52.22.000000000 下午','DD-MON-RR HH.MI.SSXFF AM'),'回收订单10068成功删除',0);
Insert into JAY.NEWS_SYSTEM (ID,USERID,NEWS_TITLE,NEWS_DATE,NEWS_CONTENT,ISREAD) values ('10000&638294275669082506','10000','订单删除成功',to_timestamp('04-9月 -23 12.32.46.000000000 下午','DD-MON-RR HH.MI.SSXFF AM'),'维修订单10071成功删除',0);
Insert into JAY.NEWS_SYSTEM (ID,USERID,NEWS_TITLE,NEWS_DATE,NEWS_CONTENT,ISREAD) values ('10051&638294278048209385','10051','订单创建成功',to_timestamp('04-9月 -23 12.36.44.000000000 下午','DD-MON-RR HH.MI.SSXFF AM'),'回收订单10072成功创建，可至订单页面查看',0);
Insert into JAY.NEWS_SYSTEM (ID,USERID,NEWS_TITLE,NEWS_DATE,NEWS_CONTENT,ISREAD) values ('10000&638294348533722005','10000','订单删除成功',to_timestamp('04-9月 -23 02.34.13.000000000 下午','DD-MON-RR HH.MI.SSXFF AM'),'回收订单10075成功删除',0);
Insert into JAY.NEWS_SYSTEM (ID,USERID,NEWS_TITLE,NEWS_DATE,NEWS_CONTENT,ISREAD) values ('10000&638294868543078262','10000','订单创建成功',to_timestamp('05-9月 -23 05.00.54.000000000 上午','DD-MON-RR HH.MI.SSXFF AM'),'维修订单10073成功创建，可至维修页面查看',0);
Insert into JAY.NEWS_SYSTEM (ID,USERID,NEWS_TITLE,NEWS_DATE,NEWS_CONTENT,ISREAD) values ('10000&638294870054978703','10000','订单创建成功',to_timestamp('05-9月 -23 05.03.25.000000000 上午','DD-MON-RR HH.MI.SSXFF AM'),'维修订单10074成功创建，可至维修页面查看',0);
Insert into JAY.NEWS_SYSTEM (ID,USERID,NEWS_TITLE,NEWS_DATE,NEWS_CONTENT,ISREAD) values ('10051&638295128695146367','10051','订单删除成功',to_timestamp('05-9月 -23 12.14.29.000000000 下午','DD-MON-RR HH.MI.SSXFF AM'),'回收订单10073成功删除',0);
Insert into JAY.NEWS_SYSTEM (ID,USERID,NEWS_TITLE,NEWS_DATE,NEWS_CONTENT,ISREAD) values ('10051&638295128708331801','10051','订单删除成功',to_timestamp('05-9月 -23 12.14.30.000000000 下午','DD-MON-RR HH.MI.SSXFF AM'),'回收订单10057成功删除',0);
Insert into JAY.NEWS_SYSTEM (ID,USERID,NEWS_TITLE,NEWS_DATE,NEWS_CONTENT,ISREAD) values ('10051&638295128734399983','10051','订单删除成功',to_timestamp('05-9月 -23 12.14.33.000000000 下午','DD-MON-RR HH.MI.SSXFF AM'),'回收订单10065成功删除',0);
Insert into JAY.NEWS_SYSTEM (ID,USERID,NEWS_TITLE,NEWS_DATE,NEWS_CONTENT,ISREAD) values ('10051&638295140140554634','10051','订单创建成功',to_timestamp('05-9月 -23 12.33.34.000000000 下午','DD-MON-RR HH.MI.SSXFF AM'),'维修订单10079成功创建，可至维修页面查看',0);
Insert into JAY.NEWS_SYSTEM (ID,USERID,NEWS_TITLE,NEWS_DATE,NEWS_CONTENT,ISREAD) values ('10051&638295243547591807','10051','订单删除成功',to_timestamp('05-9月 -23 03.25.54.000000000 下午','DD-MON-RR HH.MI.SSXFF AM'),'维修订单10065成功删除',0);
Insert into JAY.NEWS_SYSTEM (ID,USERID,NEWS_TITLE,NEWS_DATE,NEWS_CONTENT,ISREAD) values ('10051&638294278046723251','10051','订单创建成功',to_timestamp('04-9月 -23 12.36.44.000000000 下午','DD-MON-RR HH.MI.SSXFF AM'),'回收订单10071成功创建，可至订单页面查看',0);
Insert into JAY.NEWS_SYSTEM (ID,USERID,NEWS_TITLE,NEWS_DATE,NEWS_CONTENT,ISREAD) values ('10051&638295243564469298','10051','订单删除成功',to_timestamp('05-9月 -23 03.25.56.000000000 下午','DD-MON-RR HH.MI.SSXFF AM'),'维修订单10078成功删除',0);
Insert into JAY.NEWS_SYSTEM (ID,USERID,NEWS_TITLE,NEWS_DATE,NEWS_CONTENT,ISREAD) values ('news001','10000','免费优惠券',to_timestamp('20-8月 -23 03.45.00.000000000 下午','DD-MON-RR HH.MI.SSXFF AM'),'满200减25优惠券发放',0);
Insert into JAY.NEWS_SYSTEM (ID,USERID,NEWS_TITLE,NEWS_DATE,NEWS_CONTENT,ISREAD) values ('news006','10000','BIG Sale!',to_timestamp('06-5月 -23 09.17.59.000000000 下午','DD-MON-RR HH.MI.SSXFF AM'),'$99 for MacBook Air!',0);
Insert into JAY.NEWS_SYSTEM (ID,USERID,NEWS_TITLE,NEWS_DATE,NEWS_CONTENT,ISREAD) values ('news002','10000','疯狂星期四',to_timestamp('24-8月 -23 12.00.00.000000000 上午','DD-MON-RR HH.MI.SSXFF AM'),'今日订单立减50',0);
Insert into JAY.NEWS_SYSTEM (ID,USERID,NEWS_TITLE,NEWS_DATE,NEWS_CONTENT,ISREAD) values ('news003','10000','用户调查问卷',to_timestamp('20-8月 -23 12.00.00.000000000 上午','DD-MON-RR HH.MI.SSXFF AM'),'为了更好的用户体验请帮助我们填写问卷',0);
Insert into JAY.NEWS_SYSTEM (ID,USERID,NEWS_TITLE,NEWS_DATE,NEWS_CONTENT,ISREAD) values ('news004','10000','服务器维护时间调整',to_timestamp('25-8月 -23 12.00.00.000000000 上午','DD-MON-RR HH.MI.SSXFF AM'),'服务器维护时间调整为4:00AM-7:00AM',0);
Insert into JAY.NEWS_SYSTEM (ID,USERID,NEWS_TITLE,NEWS_DATE,NEWS_CONTENT,ISREAD) values ('news005','10000','大陆无障碍通道',to_timestamp('20-8月 -23 12.00.00.000000000 上午','DD-MON-RR HH.MI.SSXFF AM'),'大陆无障碍访问网址',0);
Insert into JAY.NEWS_SYSTEM (ID,USERID,NEWS_TITLE,NEWS_DATE,NEWS_CONTENT,ISREAD) values ('10000&638294547161919073','10000','订单修改成功',to_timestamp('04-9月 -23 08.05.16.000000000 下午','DD-MON-RR HH.MI.SSXFF AM'),'维修订单10066成功修改，可至维修页面查看',0);
Insert into JAY.NEWS_SYSTEM (ID,USERID,NEWS_TITLE,NEWS_DATE,NEWS_CONTENT,ISREAD) values ('10051&638294278038940673','10051','订单创建成功',to_timestamp('04-9月 -23 12.36.43.000000000 下午','DD-MON-RR HH.MI.SSXFF AM'),'回收订单10069成功创建，可至订单页面查看',0);
Insert into JAY.NEWS_SYSTEM (ID,USERID,NEWS_TITLE,NEWS_DATE,NEWS_CONTENT,ISREAD) values ('10000&638294345984049743','10000','订单删除成功',to_timestamp('04-9月 -23 02.29.58.000000000 下午','DD-MON-RR HH.MI.SSXFF AM'),'回收订单10074成功删除',0);
Insert into JAY.NEWS_SYSTEM (ID,USERID,NEWS_TITLE,NEWS_DATE,NEWS_CONTENT,ISREAD) values ('10000&638294868310047477','10000','订单创建成功',to_timestamp('05-9月 -23 05.00.31.000000000 上午','DD-MON-RR HH.MI.SSXFF AM'),'维修订单10072成功创建，可至维修页面查看',0);
Insert into JAY.NEWS_SYSTEM (ID,USERID,NEWS_TITLE,NEWS_DATE,NEWS_CONTENT,ISREAD) values ('10000&638294873976759177','10000','订单创建成功',to_timestamp('05-9月 -23 05.09.57.000000000 上午','DD-MON-RR HH.MI.SSXFF AM'),'维修订单10076成功创建，可至维修页面查看',0);
Insert into JAY.NEWS_SYSTEM (ID,USERID,NEWS_TITLE,NEWS_DATE,NEWS_CONTENT,ISREAD) values ('10000&638294877124432550','10000','订单创建成功',to_timestamp('05-9月 -23 05.15.12.000000000 上午','DD-MON-RR HH.MI.SSXFF AM'),'维修订单10077成功创建，可至维修页面查看',0);
Insert into JAY.NEWS_SYSTEM (ID,USERID,NEWS_TITLE,NEWS_DATE,NEWS_CONTENT,ISREAD) values ('10051&638295128313494716','10051','订单创建成功',to_timestamp('05-9月 -23 12.13.51.000000000 下午','DD-MON-RR HH.MI.SSXFF AM'),'维修订单10078成功创建，可至维修页面查看',0);
Insert into JAY.NEWS_SYSTEM (ID,USERID,NEWS_TITLE,NEWS_DATE,NEWS_CONTENT,ISREAD) values ('10051&638295128663689484','10051','订单删除成功',to_timestamp('05-9月 -23 12.14.26.000000000 下午','DD-MON-RR HH.MI.SSXFF AM'),'回收订单10071成功删除',0);
Insert into JAY.NEWS_SYSTEM (ID,USERID,NEWS_TITLE,NEWS_DATE,NEWS_CONTENT,ISREAD) values ('10051&638295128677410516','10051','订单删除成功',to_timestamp('05-9月 -23 12.14.27.000000000 下午','DD-MON-RR HH.MI.SSXFF AM'),'回收订单10058成功删除',0);
Insert into JAY.NEWS_SYSTEM (ID,USERID,NEWS_TITLE,NEWS_DATE,NEWS_CONTENT,ISREAD) values ('10051&638295128722480563','10051','订单删除成功',to_timestamp('05-9月 -23 12.14.32.000000000 下午','DD-MON-RR HH.MI.SSXFF AM'),'回收订单10072成功删除',0);
Insert into JAY.NEWS_SYSTEM (ID,USERID,NEWS_TITLE,NEWS_DATE,NEWS_CONTENT,ISREAD) values ('10051&638295130455200283','10051','订单创建成功',to_timestamp('05-9月 -23 12.17.25.000000000 下午','DD-MON-RR HH.MI.SSXFF AM'),'回收订单10076成功创建，可至订单页面查看',0);
Insert into JAY.NEWS_SYSTEM (ID,USERID,NEWS_TITLE,NEWS_DATE,NEWS_CONTENT,ISREAD) values ('10051&638295223390587103','10051','订单创建成功',to_timestamp('05-9月 -23 02.52.19.000000000 下午','DD-MON-RR HH.MI.SSXFF AM'),'维修订单10080成功创建，可至维修页面查看',0);
REM INSERTING into JAY.RATING_SYSTEM
SET DEFINE OFF;
Insert into JAY.RATING_SYSTEM (USERID,ENGINEERID,RATE,USER_COMMENT) values ('10101','eng456',4,'Very good');
Insert into JAY.RATING_SYSTEM (USERID,ENGINEERID,RATE,USER_COMMENT) values ('10003','eng001',5,'good good good');
Insert into JAY.RATING_SYSTEM (USERID,ENGINEERID,RATE,USER_COMMENT) values ('abcde','eng002',5,'the engineer is beautiful and is a pro as well.');
Insert into JAY.RATING_SYSTEM (USERID,ENGINEERID,RATE,USER_COMMENT) values ('10000','eng004',1,'how come can he ask me for tech support???');
Insert into JAY.RATING_SYSTEM (USERID,ENGINEERID,RATE,USER_COMMENT) values ('10003','eng003',4,'good!!');
Insert into JAY.RATING_SYSTEM (USERID,ENGINEERID,RATE,USER_COMMENT) values ('10101','eng001',5,'this is a true pro!');
Insert into JAY.RATING_SYSTEM (USERID,ENGINEERID,RATE,USER_COMMENT) values ('10000','eng002',4,'worth giving high points');
REM INSERTING into JAY.RECYCLE_ORDER
SET DEFINE OFF;
Insert into JAY.RECYCLE_ORDER (ORDERID,DEVICEID,USERID,EXPECTEDPRICE,RECYCLE_LOCATION,RECYCLE_TIME,IMAGE_URL,CUSTOMER_LOCATION) values ('10019','81','10101',100,'北京',to_timestamp('31-8月 -23 04.00.00.000000000 下午','DD-MON-RR HH.MI.SSXFF AM'),JAY.URLSET(),'<null>');
Insert into JAY.RECYCLE_ORDER (ORDERID,DEVICEID,USERID,EXPECTEDPRICE,RECYCLE_LOCATION,RECYCLE_TIME,IMAGE_URL,CUSTOMER_LOCATION) values ('10021','83','10101',100,'北京',to_timestamp('31-8月 -23 04.00.00.000000000 下午','DD-MON-RR HH.MI.SSXFF AM'),JAY.URLSET(),'<null>');
Insert into JAY.RECYCLE_ORDER (ORDERID,DEVICEID,USERID,EXPECTEDPRICE,RECYCLE_LOCATION,RECYCLE_TIME,IMAGE_URL,CUSTOMER_LOCATION) values ('10029','92','10003',100,'北京',to_timestamp('21-8月 -23 04.00.00.000000000 下午','DD-MON-RR HH.MI.SSXFF AM'),JAY.URLSET(),'<null>');
Insert into JAY.RECYCLE_ORDER (ORDERID,DEVICEID,USERID,EXPECTEDPRICE,RECYCLE_LOCATION,RECYCLE_TIME,IMAGE_URL,CUSTOMER_LOCATION) values ('10055','146','10000',100,'上海市嘉定区安亭镇 11111',to_timestamp('04-9月 -23 03.33.00.000000000 下午','DD-MON-RR HH.MI.SSXFF AM'),JAY.URLSET('http://110.42.220.245:8081/RecycleImage/10055(0).jpg'),'shanghai');
Insert into JAY.RECYCLE_ORDER (ORDERID,DEVICEID,USERID,EXPECTEDPRICE,RECYCLE_LOCATION,RECYCLE_TIME,IMAGE_URL,CUSTOMER_LOCATION) values ('10060','151','10000',100,'上海市嘉定区安亭镇 11111',to_timestamp('26-9月 -23 04.00.00.000000000 下午','DD-MON-RR HH.MI.SSXFF AM'),JAY.URLSET(),'shanghai');
Insert into JAY.RECYCLE_ORDER (ORDERID,DEVICEID,USERID,EXPECTEDPRICE,RECYCLE_LOCATION,RECYCLE_TIME,IMAGE_URL,CUSTOMER_LOCATION) values ('10030','93','10003',100,'上海',to_timestamp('04-9月 -23 04.00.00.000000000 下午','DD-MON-RR HH.MI.SSXFF AM'),JAY.URLSET(),'<null>');
Insert into JAY.RECYCLE_ORDER (ORDERID,DEVICEID,USERID,EXPECTEDPRICE,RECYCLE_LOCATION,RECYCLE_TIME,IMAGE_URL,CUSTOMER_LOCATION) values ('10022','85','10101',100,'北京',to_timestamp('31-8月 -23 04.00.00.000000000 下午','DD-MON-RR HH.MI.SSXFF AM'),JAY.URLSET(),'<null>');
Insert into JAY.RECYCLE_ORDER (ORDERID,DEVICEID,USERID,EXPECTEDPRICE,RECYCLE_LOCATION,RECYCLE_TIME,IMAGE_URL,CUSTOMER_LOCATION) values ('10027','90','10003',100,'上海',to_timestamp('21-8月 -23 04.00.00.000000000 下午','DD-MON-RR HH.MI.SSXFF AM'),JAY.URLSET(),'<null>');
Insert into JAY.RECYCLE_ORDER (ORDERID,DEVICEID,USERID,EXPECTEDPRICE,RECYCLE_LOCATION,RECYCLE_TIME,IMAGE_URL,CUSTOMER_LOCATION) values ('10035','107','10003',100,'上海',to_timestamp('19-9月 -23 04.00.00.000000000 下午','DD-MON-RR HH.MI.SSXFF AM'),JAY.URLSET(),'shanghai');
Insert into JAY.RECYCLE_ORDER (ORDERID,DEVICEID,USERID,EXPECTEDPRICE,RECYCLE_LOCATION,RECYCLE_TIME,IMAGE_URL,CUSTOMER_LOCATION) values ('10040','112','10003',100,'上海',to_timestamp('02-9月 -23 07.10.22.000000000 上午','DD-MON-RR HH.MI.SSXFF AM'),JAY.URLSET(),'shanghai');
Insert into JAY.RECYCLE_ORDER (ORDERID,DEVICEID,USERID,EXPECTEDPRICE,RECYCLE_LOCATION,RECYCLE_TIME,IMAGE_URL,CUSTOMER_LOCATION) values ('10078','172','10051',4960,'同济大学 嘉定校区',to_timestamp('25-9月 -23 04.00.00.000000000 下午','DD-MON-RR HH.MI.SSXFF AM'),JAY.URLSET('http://110.42.220.245:8081/RecycleImage/10078(0).jpg'),'shanghai');
Insert into JAY.RECYCLE_ORDER (ORDERID,DEVICEID,USERID,EXPECTEDPRICE,RECYCLE_LOCATION,RECYCLE_TIME,IMAGE_URL,CUSTOMER_LOCATION) values ('10061','152','10000',100,'上海市嘉定区安亭镇 11111',to_timestamp('18-9月 -23 04.00.00.000000000 下午','DD-MON-RR HH.MI.SSXFF AM'),JAY.URLSET(),'shanghai');
Insert into JAY.RECYCLE_ORDER (ORDERID,DEVICEID,USERID,EXPECTEDPRICE,RECYCLE_LOCATION,RECYCLE_TIME,IMAGE_URL,CUSTOMER_LOCATION) values ('10020','82','10101',100,'北京',to_timestamp('31-8月 -23 04.00.00.000000000 下午','DD-MON-RR HH.MI.SSXFF AM'),JAY.URLSET(),'<null>');
Insert into JAY.RECYCLE_ORDER (ORDERID,DEVICEID,USERID,EXPECTEDPRICE,RECYCLE_LOCATION,RECYCLE_TIME,IMAGE_URL,CUSTOMER_LOCATION) values ('10023','86','10101',100,'北京',to_timestamp('01-9月 -24 04.34.56.000000000 上午','DD-MON-RR HH.MI.SSXFF AM'),JAY.URLSET(),'<null>');
Insert into JAY.RECYCLE_ORDER (ORDERID,DEVICEID,USERID,EXPECTEDPRICE,RECYCLE_LOCATION,RECYCLE_TIME,IMAGE_URL,CUSTOMER_LOCATION) values ('10028','91','10003',100,'广东',to_timestamp('29-8月 -23 04.00.00.000000000 下午','DD-MON-RR HH.MI.SSXFF AM'),JAY.URLSET(),'<null>');
Insert into JAY.RECYCLE_ORDER (ORDERID,DEVICEID,USERID,EXPECTEDPRICE,RECYCLE_LOCATION,RECYCLE_TIME,IMAGE_URL,CUSTOMER_LOCATION) values ('10013','75','10101',1000,'home',to_timestamp('01-8月 -23 03.25.00.000000000 下午','DD-MON-RR HH.MI.SSXFF AM'),JAY.URLSET('http://110.42.220.245:8081/RecycleImage/10013(0).jpg'),'<null>');
Insert into JAY.RECYCLE_ORDER (ORDERID,DEVICEID,USERID,EXPECTEDPRICE,RECYCLE_LOCATION,RECYCLE_TIME,IMAGE_URL,CUSTOMER_LOCATION) values ('10033','105','10003',100,'上海',to_timestamp('24-9月 -23 04.00.00.000000000 下午','DD-MON-RR HH.MI.SSXFF AM'),JAY.URLSET(),'shanghai');
Insert into JAY.RECYCLE_ORDER (ORDERID,DEVICEID,USERID,EXPECTEDPRICE,RECYCLE_LOCATION,RECYCLE_TIME,IMAGE_URL,CUSTOMER_LOCATION) values ('10036','108','10003',100,'上海',to_timestamp('25-9月 -23 04.00.00.000000000 下午','DD-MON-RR HH.MI.SSXFF AM'),JAY.URLSET(),'shanghai');
Insert into JAY.RECYCLE_ORDER (ORDERID,DEVICEID,USERID,EXPECTEDPRICE,RECYCLE_LOCATION,RECYCLE_TIME,IMAGE_URL,CUSTOMER_LOCATION) values ('10041','113','10003',100,'北京',to_timestamp('18-9月 -23 04.00.00.000000000 下午','DD-MON-RR HH.MI.SSXFF AM'),JAY.URLSET(),'shanghai');
Insert into JAY.RECYCLE_ORDER (ORDERID,DEVICEID,USERID,EXPECTEDPRICE,RECYCLE_LOCATION,RECYCLE_TIME,IMAGE_URL,CUSTOMER_LOCATION) values ('10053','140','10000',100,'上海市嘉定区安亭镇 11111',to_timestamp('04-9月 -23 03.33.00.000000000 下午','DD-MON-RR HH.MI.SSXFF AM'),JAY.URLSET('http://110.42.220.245:8081/RecycleImage/10053(0).jpg'),'shanghai');
Insert into JAY.RECYCLE_ORDER (ORDERID,DEVICEID,USERID,EXPECTEDPRICE,RECYCLE_LOCATION,RECYCLE_TIME,IMAGE_URL,CUSTOMER_LOCATION) values ('10066','158','10000',5250,'上海市嘉定区安亭镇 11111',to_timestamp('25-9月 -23 04.00.00.000000000 下午','DD-MON-RR HH.MI.SSXFF AM'),JAY.URLSET(),'shanghai');
Insert into JAY.RECYCLE_ORDER (ORDERID,DEVICEID,USERID,EXPECTEDPRICE,RECYCLE_LOCATION,RECYCLE_TIME,IMAGE_URL,CUSTOMER_LOCATION) values ('10025','88','10003',100,'上海',to_timestamp('30-7月 -23 04.00.00.000000000 下午','DD-MON-RR HH.MI.SSXFF AM'),JAY.URLSET(),'<null>');
Insert into JAY.RECYCLE_ORDER (ORDERID,DEVICEID,USERID,EXPECTEDPRICE,RECYCLE_LOCATION,RECYCLE_TIME,IMAGE_URL,CUSTOMER_LOCATION) values ('10026','89','10003',100,'上海',to_timestamp('21-8月 -23 04.00.00.000000000 下午','DD-MON-RR HH.MI.SSXFF AM'),JAY.URLSET(),'<null>');
Insert into JAY.RECYCLE_ORDER (ORDERID,DEVICEID,USERID,EXPECTEDPRICE,RECYCLE_LOCATION,RECYCLE_TIME,IMAGE_URL,CUSTOMER_LOCATION) values ('10042','114','10003',100,'北京',to_timestamp('02-10月-23 04.00.00.000000000 下午','DD-MON-RR HH.MI.SSXFF AM'),JAY.URLSET(),'shanghai');
Insert into JAY.RECYCLE_ORDER (ORDERID,DEVICEID,USERID,EXPECTEDPRICE,RECYCLE_LOCATION,RECYCLE_TIME,IMAGE_URL,CUSTOMER_LOCATION) values ('10059','150','10000',100,'新建的 截图新建的',to_timestamp('25-9月 -23 04.00.00.000000000 下午','DD-MON-RR HH.MI.SSXFF AM'),JAY.URLSET(),'shanghai');
Insert into JAY.RECYCLE_ORDER (ORDERID,DEVICEID,USERID,EXPECTEDPRICE,RECYCLE_LOCATION,RECYCLE_TIME,IMAGE_URL,CUSTOMER_LOCATION) values ('10038','110','10003',100,'北京',to_timestamp('24-9月 -23 04.00.00.000000000 下午','DD-MON-RR HH.MI.SSXFF AM'),JAY.URLSET(),'shanghai');
Insert into JAY.RECYCLE_ORDER (ORDERID,DEVICEID,USERID,EXPECTEDPRICE,RECYCLE_LOCATION,RECYCLE_TIME,IMAGE_URL,CUSTOMER_LOCATION) values ('10024','87','10101',100,'北京',to_timestamp('01-9月 -23 03.11.11.000000000 上午','DD-MON-RR HH.MI.SSXFF AM'),JAY.URLSET(),'<null>');
Insert into JAY.RECYCLE_ORDER (ORDERID,DEVICEID,USERID,EXPECTEDPRICE,RECYCLE_LOCATION,RECYCLE_TIME,IMAGE_URL,CUSTOMER_LOCATION) values ('10037','109','10003',100,'北京',to_timestamp('30-10月-23 04.00.00.000000000 下午','DD-MON-RR HH.MI.SSXFF AM'),JAY.URLSET(),'shanghai');
Insert into JAY.RECYCLE_ORDER (ORDERID,DEVICEID,USERID,EXPECTEDPRICE,RECYCLE_LOCATION,RECYCLE_TIME,IMAGE_URL,CUSTOMER_LOCATION) values ('10039','111','10003',100,'广东',to_timestamp('02-10月-23 04.00.00.000000000 下午','DD-MON-RR HH.MI.SSXFF AM'),JAY.URLSET(),'shanghai');
Insert into JAY.RECYCLE_ORDER (ORDERID,DEVICEID,USERID,EXPECTEDPRICE,RECYCLE_LOCATION,RECYCLE_TIME,IMAGE_URL,CUSTOMER_LOCATION) values ('10046','119','10003',100,'北京',to_timestamp('23-10月-23 04.00.00.000000000 下午','DD-MON-RR HH.MI.SSXFF AM'),JAY.URLSET(),'shanghai');
REM INSERTING into JAY.REPAIR_CATE
SET DEFINE OFF;
Insert into JAY.REPAIR_CATE (ID,NAME,IMAGE,DETAIL,DESCRIPTION) values ('104','镜头','null','设备磨损','HU');
Insert into JAY.REPAIR_CATE (ID,NAME,IMAGE,DETAIL,DESCRIPTION) values ('65','镜头','null','设备磨损','SFSFSF');
Insert into JAY.REPAIR_CATE (ID,NAME,IMAGE,DETAIL,DESCRIPTION) values ('98','屏幕','null','屏幕碎裂',null);
Insert into JAY.REPAIR_CATE (ID,NAME,IMAGE,DETAIL,DESCRIPTION) values ('43','镜头','null','设备磨损',null);
Insert into JAY.REPAIR_CATE (ID,NAME,IMAGE,DETAIL,DESCRIPTION) values ('28','屏幕','null','屏幕碎裂',null);
Insert into JAY.REPAIR_CATE (ID,NAME,IMAGE,DETAIL,DESCRIPTION) values ('40','镜头','null','设备磨损','1');
Insert into JAY.REPAIR_CATE (ID,NAME,IMAGE,DETAIL,DESCRIPTION) values ('94','屏幕','null','屏幕碎裂',null);
Insert into JAY.REPAIR_CATE (ID,NAME,IMAGE,DETAIL,DESCRIPTION) values ('44','屏幕','null','设备屏幕损毁，出现裂缝，黑屏等损坏','adada');
Insert into JAY.REPAIR_CATE (ID,NAME,IMAGE,DETAIL,DESCRIPTION) values ('45','屏幕','null','设备屏幕损毁，出现裂缝，黑屏等损坏','adada');
Insert into JAY.REPAIR_CATE (ID,NAME,IMAGE,DETAIL,DESCRIPTION) values ('46','屏幕','null','设备屏幕损毁，出现裂缝，黑屏等损坏','zczczczc');
Insert into JAY.REPAIR_CATE (ID,NAME,IMAGE,DETAIL,DESCRIPTION) values ('47','屏幕','null','设备屏幕损毁，出现裂缝，黑屏等损坏','zczczczc');
Insert into JAY.REPAIR_CATE (ID,NAME,IMAGE,DETAIL,DESCRIPTION) values ('55','镜头','null','设备磨损','czczc');
Insert into JAY.REPAIR_CATE (ID,NAME,IMAGE,DETAIL,DESCRIPTION) values ('101','镜头','null','设备屏幕损毁，出现裂缝，黑屏等损坏','FS');
Insert into JAY.REPAIR_CATE (ID,NAME,IMAGE,DETAIL,DESCRIPTION) values ('88','镜头','null','设备磨损','sfsf');
Insert into JAY.REPAIR_CATE (ID,NAME,IMAGE,DETAIL,DESCRIPTION) values ('63','镜头','null','设备磨损','zczcz');
Insert into JAY.REPAIR_CATE (ID,NAME,IMAGE,DETAIL,DESCRIPTION) values ('68','镜头','null','设备磨损','SFF');
Insert into JAY.REPAIR_CATE (ID,NAME,IMAGE,DETAIL,DESCRIPTION) values ('70','镜头','null','设备磨损','SFSF');
Insert into JAY.REPAIR_CATE (ID,NAME,IMAGE,DETAIL,DESCRIPTION) values ('90','镜头','null','设备磨损','czc');
Insert into JAY.REPAIR_CATE (ID,NAME,IMAGE,DETAIL,DESCRIPTION) values ('102','镜头','null','设备屏幕损毁，出现裂缝，黑屏等损坏','FS');
Insert into JAY.REPAIR_CATE (ID,NAME,IMAGE,DETAIL,DESCRIPTION) values ('103','镜头','null','设备磨损','CSC');
Insert into JAY.REPAIR_CATE (ID,NAME,IMAGE,DETAIL,DESCRIPTION) values ('106','镜头','null','设备磨损','UH');
Insert into JAY.REPAIR_CATE (ID,NAME,IMAGE,DETAIL,DESCRIPTION) values ('30','屏幕','null','屏幕碎裂','zczczc');
Insert into JAY.REPAIR_CATE (ID,NAME,IMAGE,DETAIL,DESCRIPTION) values ('49','镜头','null','设备磨损','zcczcz');
Insert into JAY.REPAIR_CATE (ID,NAME,IMAGE,DETAIL,DESCRIPTION) values ('110','镜头','null','设备屏幕损毁，出现裂缝，黑屏等损坏','7474');
Insert into JAY.REPAIR_CATE (ID,NAME,IMAGE,DETAIL,DESCRIPTION) values ('48','镜头','null','设备磨损','zcczcz');
Insert into JAY.REPAIR_CATE (ID,NAME,IMAGE,DETAIL,DESCRIPTION) values ('50','镜头','null','设备磨损','zcczcz');
Insert into JAY.REPAIR_CATE (ID,NAME,IMAGE,DETAIL,DESCRIPTION) values ('51','镜头','null','设备磨损','acacac');
Insert into JAY.REPAIR_CATE (ID,NAME,IMAGE,DETAIL,DESCRIPTION) values ('52','镜头','null','设备磨损','acacac');
Insert into JAY.REPAIR_CATE (ID,NAME,IMAGE,DETAIL,DESCRIPTION) values ('53','镜头','null','设备屏幕损毁，出现裂缝，黑屏等损坏','adadad');
Insert into JAY.REPAIR_CATE (ID,NAME,IMAGE,DETAIL,DESCRIPTION) values ('56','镜头','null','设备磨损','ZCZCZC');
Insert into JAY.REPAIR_CATE (ID,NAME,IMAGE,DETAIL,DESCRIPTION) values ('57','镜头','null','设备磨损','ZCZCZC');
Insert into JAY.REPAIR_CATE (ID,NAME,IMAGE,DETAIL,DESCRIPTION) values ('62','其他','null','设备不灵敏','ZCZC');
Insert into JAY.REPAIR_CATE (ID,NAME,IMAGE,DETAIL,DESCRIPTION) values ('69','镜头','null','设备磨损','SFSFSF');
Insert into JAY.REPAIR_CATE (ID,NAME,IMAGE,DETAIL,DESCRIPTION) values ('72','芯片','null','设备磨损','AC');
Insert into JAY.REPAIR_CATE (ID,NAME,IMAGE,DETAIL,DESCRIPTION) values ('74','芯片','null','设备更新','ZCZ');
Insert into JAY.REPAIR_CATE (ID,NAME,IMAGE,DETAIL,DESCRIPTION) values ('75','镜头','null','设备磨损','zc');
Insert into JAY.REPAIR_CATE (ID,NAME,IMAGE,DETAIL,DESCRIPTION) values ('76','镜头','null','设备磨损','ZCZ');
Insert into JAY.REPAIR_CATE (ID,NAME,IMAGE,DETAIL,DESCRIPTION) values ('78','其他','null','设备更新','ZC');
Insert into JAY.REPAIR_CATE (ID,NAME,IMAGE,DETAIL,DESCRIPTION) values ('79','镜头','null','设备磨损','ADA');
Insert into JAY.REPAIR_CATE (ID,NAME,IMAGE,DETAIL,DESCRIPTION) values ('17','屏幕','null','屏幕碎裂',null);
Insert into JAY.REPAIR_CATE (ID,NAME,IMAGE,DETAIL,DESCRIPTION) values ('42','镜头','null','设备屏幕损毁，出现裂缝，黑屏等损坏',null);
Insert into JAY.REPAIR_CATE (ID,NAME,IMAGE,DETAIL,DESCRIPTION) values ('19','屏幕','null','屏幕碎裂',null);
Insert into JAY.REPAIR_CATE (ID,NAME,IMAGE,DETAIL,DESCRIPTION) values ('18','屏幕','null','屏幕碎裂',null);
Insert into JAY.REPAIR_CATE (ID,NAME,IMAGE,DETAIL,DESCRIPTION) values ('20','屏幕','null','屏幕碎裂',null);
Insert into JAY.REPAIR_CATE (ID,NAME,IMAGE,DETAIL,DESCRIPTION) values ('21','屏幕','null','屏幕碎裂',null);
Insert into JAY.REPAIR_CATE (ID,NAME,IMAGE,DETAIL,DESCRIPTION) values ('22','屏幕','null','屏幕碎裂',null);
Insert into JAY.REPAIR_CATE (ID,NAME,IMAGE,DETAIL,DESCRIPTION) values ('23','屏幕','null','屏幕碎裂',null);
Insert into JAY.REPAIR_CATE (ID,NAME,IMAGE,DETAIL,DESCRIPTION) values ('24','屏幕','null','屏幕碎裂',null);
Insert into JAY.REPAIR_CATE (ID,NAME,IMAGE,DETAIL,DESCRIPTION) values ('91','屏幕','null','设备磨损','CZC');
Insert into JAY.REPAIR_CATE (ID,NAME,IMAGE,DETAIL,DESCRIPTION) values ('54','镜头','null','设备屏幕损毁，出现裂缝，黑屏等损坏','adadad');
Insert into JAY.REPAIR_CATE (ID,NAME,IMAGE,DETAIL,DESCRIPTION) values ('64','镜头','null','设备磨损','zczcz');
Insert into JAY.REPAIR_CATE (ID,NAME,IMAGE,DETAIL,DESCRIPTION) values ('59','镜头','null','设备磨损','CZCZC');
Insert into JAY.REPAIR_CATE (ID,NAME,IMAGE,DETAIL,DESCRIPTION) values ('61','镜头','null','设备磨损','zcczcz');
Insert into JAY.REPAIR_CATE (ID,NAME,IMAGE,DETAIL,DESCRIPTION) values ('66','镜头','null','设备磨损','SFSFSF');
Insert into JAY.REPAIR_CATE (ID,NAME,IMAGE,DETAIL,DESCRIPTION) values ('71','镜头','null','设备磨损','zcc');
Insert into JAY.REPAIR_CATE (ID,NAME,IMAGE,DETAIL,DESCRIPTION) values ('73','镜头','null','设备磨损','ZC');
Insert into JAY.REPAIR_CATE (ID,NAME,IMAGE,DETAIL,DESCRIPTION) values ('77','镜头','null','设备磨损','SFS');
Insert into JAY.REPAIR_CATE (ID,NAME,IMAGE,DETAIL,DESCRIPTION) values ('80','镜头','null','设备磨损',null);
Insert into JAY.REPAIR_CATE (ID,NAME,IMAGE,DETAIL,DESCRIPTION) values ('84','屏幕','null','设备磨损','ac');
Insert into JAY.REPAIR_CATE (ID,NAME,IMAGE,DETAIL,DESCRIPTION) values ('105','镜头','null','设备磨损','HYUH');
REM INSERTING into JAY.REPAIR_OPTION
SET DEFINE OFF;
Insert into JAY.REPAIR_OPTION (OPTIONID,REPAIRREQUIREMENT,REPAIRCATEGORYID,BRAND,ISWARRANTY) values ('39','更换部件','40','iphone','否');
Insert into JAY.REPAIR_OPTION (OPTIONID,REPAIRREQUIREMENT,REPAIRCATEGORYID,BRAND,ISWARRANTY) values ('65','更换部件','66','iphone','是');
Insert into JAY.REPAIR_OPTION (OPTIONID,REPAIRREQUIREMENT,REPAIRCATEGORYID,BRAND,ISWARRANTY) values ('76','更换部件','77','iphone','是');
Insert into JAY.REPAIR_OPTION (OPTIONID,REPAIRREQUIREMENT,REPAIRCATEGORYID,BRAND,ISWARRANTY) values ('90','更换部件','91','iphone','是');
Insert into JAY.REPAIR_OPTION (OPTIONID,REPAIRREQUIREMENT,REPAIRCATEGORYID,BRAND,ISWARRANTY) values ('104','更换部件','105','联想','是');
Insert into JAY.REPAIR_OPTION (OPTIONID,REPAIRREQUIREMENT,REPAIRCATEGORYID,BRAND,ISWARRANTY) values ('97','换个屏幕','98','华为','是');
Insert into JAY.REPAIR_OPTION (OPTIONID,REPAIRREQUIREMENT,REPAIRCATEGORYID,BRAND,ISWARRANTY) values ('43','更换部件','44','iphone','是');
Insert into JAY.REPAIR_OPTION (OPTIONID,REPAIRREQUIREMENT,REPAIRCATEGORYID,BRAND,ISWARRANTY) values ('44','更换部件','45','iphone','是');
Insert into JAY.REPAIR_OPTION (OPTIONID,REPAIRREQUIREMENT,REPAIRCATEGORYID,BRAND,ISWARRANTY) values ('28','换个屏幕','28','华为','否');
Insert into JAY.REPAIR_OPTION (OPTIONID,REPAIRREQUIREMENT,REPAIRCATEGORYID,BRAND,ISWARRANTY) values ('45','更换部件','46','小米','是');
Insert into JAY.REPAIR_OPTION (OPTIONID,REPAIRREQUIREMENT,REPAIRCATEGORYID,BRAND,ISWARRANTY) values ('46','更换部件','47','小米','是');
Insert into JAY.REPAIR_OPTION (OPTIONID,REPAIRREQUIREMENT,REPAIRCATEGORYID,BRAND,ISWARRANTY) values ('58','更换部件','59','华为','是');
Insert into JAY.REPAIR_OPTION (OPTIONID,REPAIRREQUIREMENT,REPAIRCATEGORYID,BRAND,ISWARRANTY) values ('60','维修部件','61','iphone','是');
Insert into JAY.REPAIR_OPTION (OPTIONID,REPAIRREQUIREMENT,REPAIRCATEGORYID,BRAND,ISWARRANTY) values ('68','更换部件','69','iphone','是');
Insert into JAY.REPAIR_OPTION (OPTIONID,REPAIRREQUIREMENT,REPAIRCATEGORYID,BRAND,ISWARRANTY) values ('87','更换部件','88','iphone','是');
Insert into JAY.REPAIR_OPTION (OPTIONID,REPAIRREQUIREMENT,REPAIRCATEGORYID,BRAND,ISWARRANTY) values ('103','更换部件','104','iphone','是');
Insert into JAY.REPAIR_OPTION (OPTIONID,REPAIRREQUIREMENT,REPAIRCATEGORYID,BRAND,ISWARRANTY) values ('47','更换部件','48','华为','是');
Insert into JAY.REPAIR_OPTION (OPTIONID,REPAIRREQUIREMENT,REPAIRCATEGORYID,BRAND,ISWARRANTY) values ('48','更换部件','49','华为','是');
Insert into JAY.REPAIR_OPTION (OPTIONID,REPAIRREQUIREMENT,REPAIRCATEGORYID,BRAND,ISWARRANTY) values ('100','维修部件','101','iphone','是');
Insert into JAY.REPAIR_OPTION (OPTIONID,REPAIRREQUIREMENT,REPAIRCATEGORYID,BRAND,ISWARRANTY) values ('49','更换部件','50','华为','是');
Insert into JAY.REPAIR_OPTION (OPTIONID,REPAIRREQUIREMENT,REPAIRCATEGORYID,BRAND,ISWARRANTY) values ('50','维修部件','51','iphone','是');
Insert into JAY.REPAIR_OPTION (OPTIONID,REPAIRREQUIREMENT,REPAIRCATEGORYID,BRAND,ISWARRANTY) values ('51','维修部件','52','iphone','是');
Insert into JAY.REPAIR_OPTION (OPTIONID,REPAIRREQUIREMENT,REPAIRCATEGORYID,BRAND,ISWARRANTY) values ('54','更换部件','55','华为','是');
Insert into JAY.REPAIR_OPTION (OPTIONID,REPAIRREQUIREMENT,REPAIRCATEGORYID,BRAND,ISWARRANTY) values ('55','更换部件','56','iphone','是');
Insert into JAY.REPAIR_OPTION (OPTIONID,REPAIRREQUIREMENT,REPAIRCATEGORYID,BRAND,ISWARRANTY) values ('56','更换部件','57','iphone','是');
Insert into JAY.REPAIR_OPTION (OPTIONID,REPAIRREQUIREMENT,REPAIRCATEGORYID,BRAND,ISWARRANTY) values ('61','更换部件','62','联想','是');
Insert into JAY.REPAIR_OPTION (OPTIONID,REPAIRREQUIREMENT,REPAIRCATEGORYID,BRAND,ISWARRANTY) values ('62','维修部件','63','iphone','是');
Insert into JAY.REPAIR_OPTION (OPTIONID,REPAIRREQUIREMENT,REPAIRCATEGORYID,BRAND,ISWARRANTY) values ('63','维修部件','64','iphone','是');
Insert into JAY.REPAIR_OPTION (OPTIONID,REPAIRREQUIREMENT,REPAIRCATEGORYID,BRAND,ISWARRANTY) values ('67','更换部件','68','iphone','是');
Insert into JAY.REPAIR_OPTION (OPTIONID,REPAIRREQUIREMENT,REPAIRCATEGORYID,BRAND,ISWARRANTY) values ('69','更换部件','70','iphone','是');
Insert into JAY.REPAIR_OPTION (OPTIONID,REPAIRREQUIREMENT,REPAIRCATEGORYID,BRAND,ISWARRANTY) values ('70','更换部件','71','iphone','是');
Insert into JAY.REPAIR_OPTION (OPTIONID,REPAIRREQUIREMENT,REPAIRCATEGORYID,BRAND,ISWARRANTY) values ('72','更换部件','73','iphone','是');
Insert into JAY.REPAIR_OPTION (OPTIONID,REPAIRREQUIREMENT,REPAIRCATEGORYID,BRAND,ISWARRANTY) values ('74','更换部件','75','联想','是');
Insert into JAY.REPAIR_OPTION (OPTIONID,REPAIRREQUIREMENT,REPAIRCATEGORYID,BRAND,ISWARRANTY) values ('75','更换部件','76','iphone','是');
Insert into JAY.REPAIR_OPTION (OPTIONID,REPAIRREQUIREMENT,REPAIRCATEGORYID,BRAND,ISWARRANTY) values ('77','更换部件','78','索尼','是');
Insert into JAY.REPAIR_OPTION (OPTIONID,REPAIRREQUIREMENT,REPAIRCATEGORYID,BRAND,ISWARRANTY) values ('105','更换部件','106','iphone','是');
Insert into JAY.REPAIR_OPTION (OPTIONID,REPAIRREQUIREMENT,REPAIRCATEGORYID,BRAND,ISWARRANTY) values ('109','更换部件','110','iphone','是');
Insert into JAY.REPAIR_OPTION (OPTIONID,REPAIRREQUIREMENT,REPAIRCATEGORYID,BRAND,ISWARRANTY) values ('52','更换部件','53','华为','是');
Insert into JAY.REPAIR_OPTION (OPTIONID,REPAIRREQUIREMENT,REPAIRCATEGORYID,BRAND,ISWARRANTY) values ('17','换个屏幕','17','华为','否');
Insert into JAY.REPAIR_OPTION (OPTIONID,REPAIRREQUIREMENT,REPAIRCATEGORYID,BRAND,ISWARRANTY) values ('18','换个屏幕','18','华为','否');
Insert into JAY.REPAIR_OPTION (OPTIONID,REPAIRREQUIREMENT,REPAIRCATEGORYID,BRAND,ISWARRANTY) values ('19','换个屏幕','19','华为','否');
Insert into JAY.REPAIR_OPTION (OPTIONID,REPAIRREQUIREMENT,REPAIRCATEGORYID,BRAND,ISWARRANTY) values ('20','换个屏幕','20','华为','否');
Insert into JAY.REPAIR_OPTION (OPTIONID,REPAIRREQUIREMENT,REPAIRCATEGORYID,BRAND,ISWARRANTY) values ('21','换个屏幕','21','华为','否');
Insert into JAY.REPAIR_OPTION (OPTIONID,REPAIRREQUIREMENT,REPAIRCATEGORYID,BRAND,ISWARRANTY) values ('22','换个屏幕','22','华为','否');
Insert into JAY.REPAIR_OPTION (OPTIONID,REPAIRREQUIREMENT,REPAIRCATEGORYID,BRAND,ISWARRANTY) values ('23','换个屏幕','23','华为','否');
Insert into JAY.REPAIR_OPTION (OPTIONID,REPAIRREQUIREMENT,REPAIRCATEGORYID,BRAND,ISWARRANTY) values ('24','换个屏幕','24','华为','否');
Insert into JAY.REPAIR_OPTION (OPTIONID,REPAIRREQUIREMENT,REPAIRCATEGORYID,BRAND,ISWARRANTY) values ('83','更换部件','84','华为','是');
Insert into JAY.REPAIR_OPTION (OPTIONID,REPAIRREQUIREMENT,REPAIRCATEGORYID,BRAND,ISWARRANTY) values ('93','换个屏幕','94','华为','是');
Insert into JAY.REPAIR_OPTION (OPTIONID,REPAIRREQUIREMENT,REPAIRCATEGORYID,BRAND,ISWARRANTY) values ('53','更换部件','54','华为','是');
Insert into JAY.REPAIR_OPTION (OPTIONID,REPAIRREQUIREMENT,REPAIRCATEGORYID,BRAND,ISWARRANTY) values ('89','更换部件','90','iphone','是');
Insert into JAY.REPAIR_OPTION (OPTIONID,REPAIRREQUIREMENT,REPAIRCATEGORYID,BRAND,ISWARRANTY) values ('64','更换部件','65','iphone','是');
Insert into JAY.REPAIR_OPTION (OPTIONID,REPAIRREQUIREMENT,REPAIRCATEGORYID,BRAND,ISWARRANTY) values ('102','更换部件','103','iphone','是');
Insert into JAY.REPAIR_OPTION (OPTIONID,REPAIRREQUIREMENT,REPAIRCATEGORYID,BRAND,ISWARRANTY) values ('71','更换部件','72','联想','是');
Insert into JAY.REPAIR_OPTION (OPTIONID,REPAIRREQUIREMENT,REPAIRCATEGORYID,BRAND,ISWARRANTY) values ('73','更换部件','74','联想','是');
Insert into JAY.REPAIR_OPTION (OPTIONID,REPAIRREQUIREMENT,REPAIRCATEGORYID,BRAND,ISWARRANTY) values ('78','更换部件','79','iphone','是');
Insert into JAY.REPAIR_OPTION (OPTIONID,REPAIRREQUIREMENT,REPAIRCATEGORYID,BRAND,ISWARRANTY) values ('79','更换部件','80','iphone','是');
Insert into JAY.REPAIR_OPTION (OPTIONID,REPAIRREQUIREMENT,REPAIRCATEGORYID,BRAND,ISWARRANTY) values ('101','维修部件','102','iphone','是');
REM INSERTING into JAY.REPAIR_ORDER
SET DEFINE OFF;
Insert into JAY.REPAIR_ORDER (ORDERID,ORDERPRICE,COUPONID,ENGINEERID,USERID,REPAIROPTIONID,CREATETIME,REPAIRLOCATION,REPAIRTIME,USERRATE,ORDERSTATUS,IMAGE_URL,CUSTOMER_LOCATION) values ('10076',900,null,'eng001','10000','104',to_timestamp('05-9月 -23 05.09.57.000000000 上午','DD-MON-RR HH.MI.SSXFF AM'),'北京',to_timestamp('21-9月 -23 04.00.00.000000000 下午','DD-MON-RR HH.MI.SSXFF AM'),null,0,JAY.URLSET('http://110.42.220.245:8081/RepairImage/10076(0).png'),'上海市嘉定区安亭镇 2');
Insert into JAY.REPAIR_ORDER (ORDERID,ORDERPRICE,COUPONID,ENGINEERID,USERID,REPAIROPTIONID,CREATETIME,REPAIRLOCATION,REPAIRTIME,USERRATE,ORDERSTATUS,IMAGE_URL,CUSTOMER_LOCATION) values ('10064',1280,null,'eng001','10000','90',to_timestamp('04-9月 -23 07.34.23.000000000 上午','DD-MON-RR HH.MI.SSXFF AM'),'北京',to_timestamp('24-9月 -23 04.00.00.000000000 下午','DD-MON-RR HH.MI.SSXFF AM'),null,0,JAY.URLSET('http://110.42.220.245:8081/RepairImage/10064(0).jpg'),'上海市嘉定区安亭镇 11111');
Insert into JAY.REPAIR_ORDER (ORDERID,ORDERPRICE,COUPONID,ENGINEERID,USERID,REPAIROPTIONID,CREATETIME,REPAIRLOCATION,REPAIRTIME,USERRATE,ORDERSTATUS,IMAGE_URL,CUSTOMER_LOCATION) values ('10073',380,null,'eng001','10000','101',to_timestamp('05-9月 -23 05.00.54.000000000 上午','DD-MON-RR HH.MI.SSXFF AM'),'上海',to_timestamp('24-9月 -23 04.00.00.000000000 下午','DD-MON-RR HH.MI.SSXFF AM'),null,0,JAY.URLSET('http://110.42.220.245:8081/RepairImage/10073(0).jpg'),'北京市 2');
Insert into JAY.REPAIR_ORDER (ORDERID,ORDERPRICE,COUPONID,ENGINEERID,USERID,REPAIROPTIONID,CREATETIME,REPAIRLOCATION,REPAIRTIME,USERRATE,ORDERSTATUS,IMAGE_URL,CUSTOMER_LOCATION) values ('10074',880,null,'eng001','10000','102',to_timestamp('05-9月 -23 05.03.25.000000000 上午','DD-MON-RR HH.MI.SSXFF AM'),'北京',to_timestamp('15-9月 -23 04.00.00.000000000 下午','DD-MON-RR HH.MI.SSXFF AM'),null,0,JAY.URLSET('http://110.42.220.245:8081/RepairImage/10074(0).png'),'上海市嘉定区安亭镇 2');
Insert into JAY.REPAIR_ORDER (ORDERID,ORDERPRICE,COUPONID,ENGINEERID,USERID,REPAIROPTIONID,CREATETIME,REPAIRLOCATION,REPAIRTIME,USERRATE,ORDERSTATUS,IMAGE_URL,CUSTOMER_LOCATION) values ('10047',480,null,'eng001','10000','63',to_timestamp('03-9月 -23 12.36.44.000000000 下午','DD-MON-RR HH.MI.SSXFF AM'),'北京',to_timestamp('25-9月 -23 04.00.00.000000000 下午','DD-MON-RR HH.MI.SSXFF AM'),null,0,JAY.URLSET(),'zczcz');
Insert into JAY.REPAIR_ORDER (ORDERID,ORDERPRICE,COUPONID,ENGINEERID,USERID,REPAIROPTIONID,CREATETIME,REPAIRLOCATION,REPAIRTIME,USERRATE,ORDERSTATUS,IMAGE_URL,CUSTOMER_LOCATION) values ('10058',1280,null,'eng001','10000','83',to_timestamp('04-9月 -23 05.00.26.000000000 上午','DD-MON-RR HH.MI.SSXFF AM'),'上海市嘉定区安亭镇 11111',to_timestamp('25-9月 -23 04.00.00.000000000 下午','DD-MON-RR HH.MI.SSXFF AM'),null,0,JAY.URLSET(),'acc');
Insert into JAY.REPAIR_ORDER (ORDERID,ORDERPRICE,COUPONID,ENGINEERID,USERID,REPAIROPTIONID,CREATETIME,REPAIRLOCATION,REPAIRTIME,USERRATE,ORDERSTATUS,IMAGE_URL,CUSTOMER_LOCATION) values ('10034',480,null,'eng001','10000','50',to_timestamp('03-9月 -23 11.49.59.000000000 上午','DD-MON-RR HH.MI.SSXFF AM'),'北京',to_timestamp('13-9月 -23 04.00.00.000000000 下午','DD-MON-RR HH.MI.SSXFF AM'),null,0,JAY.URLSET(),'acacac');
Insert into JAY.REPAIR_ORDER (ORDERID,ORDERPRICE,COUPONID,ENGINEERID,USERID,REPAIROPTIONID,CREATETIME,REPAIRLOCATION,REPAIRTIME,USERRATE,ORDERSTATUS,IMAGE_URL,CUSTOMER_LOCATION) values ('10030',880,null,'eng001','10000','39',to_timestamp('01-9月 -23 04.32.51.000000000 下午','DD-MON-RR HH.MI.SSXFF AM'),'北京',to_timestamp('18-9月 -23 04.00.00.000000000 下午','DD-MON-RR HH.MI.SSXFF AM'),null,0,JAY.URLSET(),'<null>');
Insert into JAY.REPAIR_ORDER (ORDERID,ORDERPRICE,COUPONID,ENGINEERID,USERID,REPAIROPTIONID,CREATETIME,REPAIRLOCATION,REPAIRTIME,USERRATE,ORDERSTATUS,IMAGE_URL,CUSTOMER_LOCATION) values ('10035',480,null,'eng001','10000','51',to_timestamp('03-9月 -23 11.50.37.000000000 上午','DD-MON-RR HH.MI.SSXFF AM'),'北京',to_timestamp('13-9月 -23 04.00.00.000000000 下午','DD-MON-RR HH.MI.SSXFF AM'),null,0,JAY.URLSET(),'acacac');
Insert into JAY.REPAIR_ORDER (ORDERID,ORDERPRICE,COUPONID,ENGINEERID,USERID,REPAIROPTIONID,CREATETIME,REPAIRLOCATION,REPAIRTIME,USERRATE,ORDERSTATUS,IMAGE_URL,CUSTOMER_LOCATION) values ('10038',880,null,'eng001','10000','54',to_timestamp('03-9月 -23 12.14.30.000000000 下午','DD-MON-RR HH.MI.SSXFF AM'),'上海',to_timestamp('18-9月 -23 04.00.00.000000000 下午','DD-MON-RR HH.MI.SSXFF AM'),null,0,JAY.URLSET(),'zcz');
Insert into JAY.REPAIR_ORDER (ORDERID,ORDERPRICE,COUPONID,ENGINEERID,USERID,REPAIROPTIONID,CREATETIME,REPAIRLOCATION,REPAIRTIME,USERRATE,ORDERSTATUS,IMAGE_URL,CUSTOMER_LOCATION) values ('10039',880,null,'eng001','10000','55',to_timestamp('03-9月 -23 12.17.55.000000000 下午','DD-MON-RR HH.MI.SSXFF AM'),'北京',to_timestamp('25-9月 -23 04.00.00.000000000 下午','DD-MON-RR HH.MI.SSXFF AM'),null,0,JAY.URLSET(),'ZCZCZ');
Insert into JAY.REPAIR_ORDER (ORDERID,ORDERPRICE,COUPONID,ENGINEERID,USERID,REPAIROPTIONID,CREATETIME,REPAIRLOCATION,REPAIRTIME,USERRATE,ORDERSTATUS,IMAGE_URL,CUSTOMER_LOCATION) values ('10040',880,null,'eng001','10000','56',to_timestamp('03-9月 -23 12.17.56.000000000 下午','DD-MON-RR HH.MI.SSXFF AM'),'北京',to_timestamp('25-9月 -23 04.00.00.000000000 下午','DD-MON-RR HH.MI.SSXFF AM'),null,0,JAY.URLSET(),'ZCZCZ');
Insert into JAY.REPAIR_ORDER (ORDERID,ORDERPRICE,COUPONID,ENGINEERID,USERID,REPAIROPTIONID,CREATETIME,REPAIRLOCATION,REPAIRTIME,USERRATE,ORDERSTATUS,IMAGE_URL,CUSTOMER_LOCATION) values ('10044',480,null,'eng001','10000','60',to_timestamp('03-9月 -23 12.28.20.000000000 下午','DD-MON-RR HH.MI.SSXFF AM'),'北京',to_timestamp('14-9月 -23 04.00.00.000000000 下午','DD-MON-RR HH.MI.SSXFF AM'),null,0,JAY.URLSET(),'czcz');
Insert into JAY.REPAIR_ORDER (ORDERID,ORDERPRICE,COUPONID,ENGINEERID,USERID,REPAIROPTIONID,CREATETIME,REPAIRLOCATION,REPAIRTIME,USERRATE,ORDERSTATUS,IMAGE_URL,CUSTOMER_LOCATION) values ('10048',880,null,'eng001','10000','64',to_timestamp('03-9月 -23 12.42.45.000000000 下午','DD-MON-RR HH.MI.SSXFF AM'),'北京',to_timestamp('22-10月-23 04.00.00.000000000 下午','DD-MON-RR HH.MI.SSXFF AM'),null,0,JAY.URLSET(),'FSFSF');
Insert into JAY.REPAIR_ORDER (ORDERID,ORDERPRICE,COUPONID,ENGINEERID,USERID,REPAIROPTIONID,CREATETIME,REPAIRLOCATION,REPAIRTIME,USERRATE,ORDERSTATUS,IMAGE_URL,CUSTOMER_LOCATION) values ('10052',880,null,'eng001','10000','68',to_timestamp('03-9月 -23 12.46.22.000000000 下午','DD-MON-RR HH.MI.SSXFF AM'),'北京',to_timestamp('22-10月-23 04.00.00.000000000 下午','DD-MON-RR HH.MI.SSXFF AM'),null,0,JAY.URLSET(),'FSFSF');
Insert into JAY.REPAIR_ORDER (ORDERID,ORDERPRICE,COUPONID,ENGINEERID,USERID,REPAIROPTIONID,CREATETIME,REPAIRLOCATION,REPAIRTIME,USERRATE,ORDERSTATUS,IMAGE_URL,CUSTOMER_LOCATION) values ('10077',880,null,'eng001','10000','105',to_timestamp('05-9月 -23 05.15.12.000000000 上午','DD-MON-RR HH.MI.SSXFF AM'),'北京',to_timestamp('02-10月-23 04.00.00.000000000 下午','DD-MON-RR HH.MI.SSXFF AM'),null,0,JAY.URLSET('http://110.42.220.245:8081/RepairImage/10077(0).jpg'),'上海市嘉定区安亭镇 2');
Insert into JAY.REPAIR_ORDER (ORDERID,ORDERPRICE,COUPONID,ENGINEERID,USERID,REPAIROPTIONID,CREATETIME,REPAIRLOCATION,REPAIRTIME,USERRATE,ORDERSTATUS,IMAGE_URL,CUSTOMER_LOCATION) values ('10081',780,null,'eng001','10051','109',to_timestamp('05-9月 -23 03.26.35.000000000 下午','DD-MON-RR HH.MI.SSXFF AM'),'北京',to_timestamp('07-9月 -23 04.00.00.000000000 下午','DD-MON-RR HH.MI.SSXFF AM'),null,0,JAY.URLSET('http://110.42.220.245:8081/RepairImage/10081(0).jpg'),'同济大学 嘉定校区');
Insert into JAY.REPAIR_ORDER (ORDERID,ORDERPRICE,COUPONID,ENGINEERID,USERID,REPAIROPTIONID,CREATETIME,REPAIRLOCATION,REPAIRTIME,USERRATE,ORDERSTATUS,IMAGE_URL,CUSTOMER_LOCATION) values ('10072',380,null,'eng001','10000','100',to_timestamp('05-9月 -23 05.00.30.000000000 上午','DD-MON-RR HH.MI.SSXFF AM'),'上海',to_timestamp('24-9月 -23 04.00.00.000000000 下午','DD-MON-RR HH.MI.SSXFF AM'),null,0,JAY.URLSET('http://110.42.220.245:8081/RepairImage/10072(0).jpg'),'北京市 2');
Insert into JAY.REPAIR_ORDER (ORDERID,ORDERPRICE,COUPONID,ENGINEERID,USERID,REPAIROPTIONID,CREATETIME,REPAIRLOCATION,REPAIRTIME,USERRATE,ORDERSTATUS,IMAGE_URL,CUSTOMER_LOCATION) values ('10036',780,null,'eng001','10000','52',to_timestamp('03-9月 -23 11.57.55.000000000 上午','DD-MON-RR HH.MI.SSXFF AM'),'上海',to_timestamp('15-9月 -23 04.00.00.000000000 下午','DD-MON-RR HH.MI.SSXFF AM'),null,0,JAY.URLSET(),'adada');
Insert into JAY.REPAIR_ORDER (ORDERID,ORDERPRICE,COUPONID,ENGINEERID,USERID,REPAIROPTIONID,CREATETIME,REPAIRLOCATION,REPAIRTIME,USERRATE,ORDERSTATUS,IMAGE_URL,CUSTOMER_LOCATION) values ('10037',780,null,'eng001','10000','53',to_timestamp('03-9月 -23 11.58.16.000000000 上午','DD-MON-RR HH.MI.SSXFF AM'),'上海',to_timestamp('15-9月 -23 04.00.00.000000000 下午','DD-MON-RR HH.MI.SSXFF AM'),null,0,JAY.URLSET(),'adada');
Insert into JAY.REPAIR_ORDER (ORDERID,ORDERPRICE,COUPONID,ENGINEERID,USERID,REPAIROPTIONID,CREATETIME,REPAIRLOCATION,REPAIRTIME,USERRATE,ORDERSTATUS,IMAGE_URL,CUSTOMER_LOCATION) values ('10042',880,null,'eng001','10000','58',to_timestamp('03-9月 -23 12.20.58.000000000 下午','DD-MON-RR HH.MI.SSXFF AM'),'北京',to_timestamp('08-9月 -23 04.00.00.000000000 下午','DD-MON-RR HH.MI.SSXFF AM'),null,0,JAY.URLSET(),'ZCCZ');
Insert into JAY.REPAIR_ORDER (ORDERID,ORDERPRICE,COUPONID,ENGINEERID,USERID,REPAIROPTIONID,CREATETIME,REPAIRLOCATION,REPAIRTIME,USERRATE,ORDERSTATUS,IMAGE_URL,CUSTOMER_LOCATION) values ('10045',1100,null,'eng001','10000','61',to_timestamp('03-9月 -23 12.29.54.000000000 下午','DD-MON-RR HH.MI.SSXFF AM'),'北京',to_timestamp('25-9月 -23 04.00.00.000000000 下午','DD-MON-RR HH.MI.SSXFF AM'),null,0,JAY.URLSET(),'CZCZ');
Insert into JAY.REPAIR_ORDER (ORDERID,ORDERPRICE,COUPONID,ENGINEERID,USERID,REPAIROPTIONID,CREATETIME,REPAIRLOCATION,REPAIRTIME,USERRATE,ORDERSTATUS,IMAGE_URL,CUSTOMER_LOCATION) values ('10046',480,null,'eng001','10000','62',to_timestamp('03-9月 -23 12.36.33.000000000 下午','DD-MON-RR HH.MI.SSXFF AM'),'北京',to_timestamp('25-9月 -23 04.00.00.000000000 下午','DD-MON-RR HH.MI.SSXFF AM'),null,0,JAY.URLSET(),'zczcz');
Insert into JAY.REPAIR_ORDER (ORDERID,ORDERPRICE,COUPONID,ENGINEERID,USERID,REPAIROPTIONID,CREATETIME,REPAIRLOCATION,REPAIRTIME,USERRATE,ORDERSTATUS,IMAGE_URL,CUSTOMER_LOCATION) values ('10049',880,null,'eng001','10000','65',to_timestamp('03-9月 -23 12.43.05.000000000 下午','DD-MON-RR HH.MI.SSXFF AM'),'北京',to_timestamp('22-10月-23 04.00.00.000000000 下午','DD-MON-RR HH.MI.SSXFF AM'),null,0,JAY.URLSET(),'FSFSF');
Insert into JAY.REPAIR_ORDER (ORDERID,ORDERPRICE,COUPONID,ENGINEERID,USERID,REPAIROPTIONID,CREATETIME,REPAIRLOCATION,REPAIRTIME,USERRATE,ORDERSTATUS,IMAGE_URL,CUSTOMER_LOCATION) values ('10051',880,null,'eng001','10000','67',to_timestamp('03-9月 -23 12.43.45.000000000 下午','DD-MON-RR HH.MI.SSXFF AM'),'北京',to_timestamp('07-9月 -23 04.00.00.000000000 下午','DD-MON-RR HH.MI.SSXFF AM'),null,0,JAY.URLSET(),'FSF');
Insert into JAY.REPAIR_ORDER (ORDERID,ORDERPRICE,COUPONID,ENGINEERID,USERID,REPAIROPTIONID,CREATETIME,REPAIRLOCATION,REPAIRTIME,USERRATE,ORDERSTATUS,IMAGE_URL,CUSTOMER_LOCATION) values ('10053',880,null,'eng001','10000','69',to_timestamp('03-9月 -23 12.47.26.000000000 下午','DD-MON-RR HH.MI.SSXFF AM'),'北京',to_timestamp('25-9月 -23 04.00.00.000000000 下午','DD-MON-RR HH.MI.SSXFF AM'),null,0,JAY.URLSET(),'SFS');
Insert into JAY.REPAIR_ORDER (ORDERID,ORDERPRICE,COUPONID,ENGINEERID,USERID,REPAIROPTIONID,CREATETIME,REPAIRLOCATION,REPAIRTIME,USERRATE,ORDERSTATUS,IMAGE_URL,CUSTOMER_LOCATION) values ('10054',880,null,'eng001','10000','70',to_timestamp('03-9月 -23 01.02.39.000000000 下午','DD-MON-RR HH.MI.SSXFF AM'),'北京',to_timestamp('25-9月 -23 04.00.00.000000000 下午','DD-MON-RR HH.MI.SSXFF AM'),null,0,JAY.URLSET(),'z');
Insert into JAY.REPAIR_ORDER (ORDERID,ORDERPRICE,COUPONID,ENGINEERID,USERID,REPAIROPTIONID,CREATETIME,REPAIRLOCATION,REPAIRTIME,USERRATE,ORDERSTATUS,IMAGE_URL,CUSTOMER_LOCATION) values ('10062',880,null,'eng001','10000','87',to_timestamp('04-9月 -23 06.58.23.000000000 上午','DD-MON-RR HH.MI.SSXFF AM'),'上海市嘉定区安亭镇 11111',to_timestamp('25-9月 -23 04.00.00.000000000 下午','DD-MON-RR HH.MI.SSXFF AM'),null,0,JAY.URLSET(),'fsf');
Insert into JAY.REPAIR_ORDER (ORDERID,ORDERPRICE,COUPONID,ENGINEERID,USERID,REPAIROPTIONID,CREATETIME,REPAIRLOCATION,REPAIRTIME,USERRATE,ORDERSTATUS,IMAGE_URL,CUSTOMER_LOCATION) values ('10075',880,null,'eng001','10000','103',to_timestamp('05-9月 -23 05.06.53.000000000 上午','DD-MON-RR HH.MI.SSXFF AM'),'北京',to_timestamp('13-9月 -23 04.00.00.000000000 下午','DD-MON-RR HH.MI.SSXFF AM'),null,0,JAY.URLSET('http://110.42.220.245:8081/RepairImage/10075(0).jpg'),'上海市嘉定区安亭镇 2');
REM INSERTING into JAY.REPAIR_SYS_ADMIN
SET DEFINE OFF;
Insert into JAY.REPAIR_SYS_ADMIN (ID,PASSWORD,NAME) values ('adminid','123789','Ellis');
REM INSERTING into JAY.SERVICE_CENTER
SET DEFINE OFF;
Insert into JAY.SERVICE_CENTER (ID,NAME,LOC_DETAIL,TEL,TIMG_URL,LATITUDE,LONGITUDE) values ('Center003','Shenzhen Service Center','Shenzhen','34567','http://110.42.220.245:8081/Image/ShenzhenSC.png',22.5461,114.0254);
Insert into JAY.SERVICE_CENTER (ID,NAME,LOC_DETAIL,TEL,TIMG_URL,LATITUDE,LONGITUDE) values ('Center001','Beijing   Service   Center ','Beijing','12345','http://110.42.220.245:8081/Image/BeijingSC.png',39.9042,116.4074);
Insert into JAY.SERVICE_CENTER (ID,NAME,LOC_DETAIL,TEL,TIMG_URL,LATITUDE,LONGITUDE) values ('Center006','Shanghai Service Center ','Shanghai','23456','http://110.42.220.245:8081/Image/ShanghaiSC.png',31.2304,121.4737);
Insert into JAY.SERVICE_CENTER (ID,NAME,LOC_DETAIL,TEL,TIMG_URL,LATITUDE,LONGITUDE) values ('Center004','Chengdu Service Center ','Chengdu','45678','http://110.42.220.245:8081/Image/ChengduSC.png',30.5728,104.0668);
Insert into JAY.SERVICE_CENTER (ID,NAME,LOC_DETAIL,TEL,TIMG_URL,LATITUDE,LONGITUDE) values ('Center005','Harbin   Service   Center ','Harbin','56789','http://110.42.220.245:8081/Image/HarbinSC.png',45.8038,126.534);
Insert into JAY.SERVICE_CENTER (ID,NAME,LOC_DETAIL,TEL,TIMG_URL,LATITUDE,LONGITUDE) values ('Center002','Sanya    Service   Center ','Sanya','67890','http://110.42.220.245:8081/Image/SanyaSC.png',18.2528,109.5519);
REM INSERTING into JAY.SERVICE_LOC
SET DEFINE OFF;
Insert into JAY.SERVICE_LOC (ID,LOCATION_NAME,LOC_DETAIL,CUSTOMERID) values ('loc123','yb home','XuZhou','10101');
Insert into JAY.SERVICE_LOC (ID,LOCATION_NAME,LOC_DETAIL,CUSTOMERID) values ('25','上海市嘉定区安亭镇','2','10000');
Insert into JAY.SERVICE_LOC (ID,LOCATION_NAME,LOC_DETAIL,CUSTOMERID) values ('27','45454','544545','10051');
Insert into JAY.SERVICE_LOC (ID,LOCATION_NAME,LOC_DETAIL,CUSTOMERID) values ('23','同济大学','嘉定校区','10051');
Insert into JAY.SERVICE_LOC (ID,LOCATION_NAME,LOC_DETAIL,CUSTOMERID) values ('26','北京市','2','10000');
REM INSERTING into JAY.SUPPORT_STAFF
SET DEFINE OFF;
REM INSERTING into JAY.USERINFO
SET DEFINE OFF;
Insert into JAY.USERINFO (ID,USERNAME,PASSWORD,USERLEVEL,NAME,IDENTIFY,TELEPHONE,EMAIL,BALANCE) values ('10101','Cyber','123456',2,'Jason','aaa','123-456','1@tj.com',400);
Insert into JAY.USERINFO (ID,USERNAME,PASSWORD,USERLEVEL,NAME,IDENTIFY,TELEPHONE,EMAIL,BALANCE) values ('10038','newone','qwero',1,'wyb','20030730','100863','abc@163.com',0);
Insert into JAY.USERINFO (ID,USERNAME,PASSWORD,USERLEVEL,NAME,IDENTIFY,TELEPHONE,EMAIL,BALANCE) values ('10000','Bigg11','245678',0,'ssxx666888','452631','10086','1@aa.cn',99270);
Insert into JAY.USERINFO (ID,USERNAME,PASSWORD,USERLEVEL,NAME,IDENTIFY,TELEPHONE,EMAIL,BALANCE) values ('10046','174019','123456',1,'1234','123456789','18909365458','1740196301@qq.com',0);
Insert into JAY.USERINFO (ID,USERNAME,PASSWORD,USERLEVEL,NAME,IDENTIFY,TELEPHONE,EMAIL,BALANCE) values ('10048','xljxlj','123456',1,'肖莅觉','43215','17373958289','3414733492@qq.com',0);
Insert into JAY.USERINFO (ID,USERNAME,PASSWORD,USERLEVEL,NAME,IDENTIFY,TELEPHONE,EMAIL,BALANCE) values ('10052','qweweqqe','333333',1,'肖莅觉','123456','17373958289','3414733492@qq.com',0);
Insert into JAY.USERINFO (ID,USERNAME,PASSWORD,USERLEVEL,NAME,IDENTIFY,TELEPHONE,EMAIL,BALANCE) values ('10036','qwer','123456',1,'zxk','123456','123456','123456',0);
Insert into JAY.USERINFO (ID,USERNAME,PASSWORD,USERLEVEL,NAME,IDENTIFY,TELEPHONE,EMAIL,BALANCE) values ('10037','qwer','123456',1,'zxk','123456','123456','123456',0);
Insert into JAY.USERINFO (ID,USERNAME,PASSWORD,USERLEVEL,NAME,IDENTIFY,TELEPHONE,EMAIL,BALANCE) values ('10003','Jayzou','245687',1,'zxk','021021','10010','Jayzou@jj.com',31);
Insert into JAY.USERINFO (ID,USERNAME,PASSWORD,USERLEVEL,NAME,IDENTIFY,TELEPHONE,EMAIL,BALANCE) values ('10039','newtwo','qwero',1,'wyb','20030730','100863','abc@163.com',0);
Insert into JAY.USERINFO (ID,USERNAME,PASSWORD,USERLEVEL,NAME,IDENTIFY,TELEPHONE,EMAIL,BALANCE) values ('10050','123456','123456',1,'肖莅觉','3123133','17373958289','3414733492@qq.com',0);
Insert into JAY.USERINFO (ID,USERNAME,PASSWORD,USERLEVEL,NAME,IDENTIFY,TELEPHONE,EMAIL,BALANCE) values ('10051','chenjinxu','123456',0,'陈','4646546465','4564646445','chen@163.com',8593);
Insert into JAY.USERINFO (ID,USERNAME,PASSWORD,USERLEVEL,NAME,IDENTIFY,TELEPHONE,EMAIL,BALANCE) values ('10047','chenjinxu','123456',1,'陈瑾旭1234','123456789','1234567890','chen@163.com',0);
Insert into JAY.USERINFO (ID,USERNAME,PASSWORD,USERLEVEL,NAME,IDENTIFY,TELEPHONE,EMAIL,BALANCE) values ('10049','qwerty','qwerty',1,'name','1231214','17373958289','3414733492@qq.com',0);
Insert into JAY.USERINFO (ID,USERNAME,PASSWORD,USERLEVEL,NAME,IDENTIFY,TELEPHONE,EMAIL,BALANCE) values ('10044','Caps','caps123',1,'有马加奈','20230825','020528','111@qq.com',0);
Insert into JAY.USERINFO (ID,USERNAME,PASSWORD,USERLEVEL,NAME,IDENTIFY,TELEPHONE,EMAIL,BALANCE) values ('10042','chenjin','111111',1,'插上达到','大大阿达','哒哒哒','chenjinxu2003@163.com',0);
Insert into JAY.USERINFO (ID,USERNAME,PASSWORD,USERLEVEL,NAME,IDENTIFY,TELEPHONE,EMAIL,BALANCE) values ('99999','Pluto','aaa',2,'??????','310101xxxxyyyyzzzz','138aaaabbbb','123@163.com',0);
Insert into JAY.USERINFO (ID,USERNAME,PASSWORD,USERLEVEL,NAME,IDENTIFY,TELEPHONE,EMAIL,BALANCE) values ('10043','qwerqwer66','123456',0,'肖莅觉1','430521','17373958289','3414733492@qq.com',0);
Insert into JAY.USERINFO (ID,USERNAME,PASSWORD,USERLEVEL,NAME,IDENTIFY,TELEPHONE,EMAIL,BALANCE) values ('10045','12345','123456',1,'小明明','310101200001019999','13800001111','1@tj.com',0);
Insert into JAY.USERINFO (ID,USERNAME,PASSWORD,USERLEVEL,NAME,IDENTIFY,TELEPHONE,EMAIL,BALANCE) values ('10053','陈瑾旭','123456',1,'陈瑾旭','123456789','13870105832','chen2003@163.com',0);
Insert into JAY.USERINFO (ID,USERNAME,PASSWORD,USERLEVEL,NAME,IDENTIFY,TELEPHONE,EMAIL,BALANCE) values ('abcde','JasonWu','123456',1,'JasonWu','31010199990101xxxx','13800001111','123@tj.com',0);
Insert into JAY.USERINFO (ID,USERNAME,PASSWORD,USERLEVEL,NAME,IDENTIFY,TELEPHONE,EMAIL,BALANCE) values ('10040','qeqeqe','999999',1,'肖莅觉232','43051','17373958289','3414733492@qq.com',0);
Insert into JAY.USERINFO (ID,USERNAME,PASSWORD,USERLEVEL,NAME,IDENTIFY,TELEPHONE,EMAIL,BALANCE) values ('10041','chenjinxu','111111',1,'陈瑾旭','123456789','123456789','chen2003@163.com',0);
REM INSERTING into JAY.WEBCOUNTER
SET DEFINE OFF;
Insert into JAY.WEBCOUNTER (REQUEST,TRANS_AMOUNT,TOTALUSER) values (99,3236.75,14);
--------------------------------------------------------
--  DDL for Trigger COUNT_DEVICE
--------------------------------------------------------

  CREATE OR REPLACE EDITIONABLE TRIGGER "JAY"."COUNT_DEVICE" 
after insert on device
for each row
  begin
    update COUNTER 
    set TABLECOUNT = TABLECOUNT+1
    where TABLENAME = 'DEVICE';
  end;
/
ALTER TRIGGER "JAY"."COUNT_DEVICE" ENABLE;
--------------------------------------------------------
--  DDL for Trigger COUNT_ENGINEER
--------------------------------------------------------

  CREATE OR REPLACE EDITIONABLE TRIGGER "JAY"."COUNT_ENGINEER" 
after insert on engineer
for each row
  begin
    update COUNTER 
    set TABLECOUNT = TABLECOUNT+1
    where TABLENAME = 'ENGINEER';
  end;
/
ALTER TRIGGER "JAY"."COUNT_ENGINEER" ENABLE;
--------------------------------------------------------
--  DDL for Trigger COUNT_RECYCLE_ORDER
--------------------------------------------------------

  CREATE OR REPLACE EDITIONABLE TRIGGER "JAY"."COUNT_RECYCLE_ORDER" 
after insert on recycle_order
for each row
  begin
    update COUNTER 
    set TABLECOUNT = TABLECOUNT+1
    where TABLENAME = 'RECYCLE_ORDER';
  end;
/
ALTER TRIGGER "JAY"."COUNT_RECYCLE_ORDER" ENABLE;
--------------------------------------------------------
--  DDL for Trigger COUNT_REPAIR_CATE
--------------------------------------------------------

  CREATE OR REPLACE EDITIONABLE TRIGGER "JAY"."COUNT_REPAIR_CATE" 
after insert on repair_cate
for each row
  begin
    update COUNTER 
    set TABLECOUNT = TABLECOUNT+1
    where TABLENAME = 'REPAIR_CATE';
  end;
/
ALTER TRIGGER "JAY"."COUNT_REPAIR_CATE" ENABLE;
--------------------------------------------------------
--  DDL for Trigger COUNT_REPAIR_OPTIONS
--------------------------------------------------------

  CREATE OR REPLACE EDITIONABLE TRIGGER "JAY"."COUNT_REPAIR_OPTIONS" 
after insert on repair_option
for each row
  begin
    update COUNTER 
    set TABLECOUNT = TABLECOUNT+1
    where TABLENAME = 'REPAIR_OPTIONS';
  end;
/
ALTER TRIGGER "JAY"."COUNT_REPAIR_OPTIONS" ENABLE;
--------------------------------------------------------
--  DDL for Trigger COUNT_REPAIR_ORDER
--------------------------------------------------------

  CREATE OR REPLACE EDITIONABLE TRIGGER "JAY"."COUNT_REPAIR_ORDER" 
after insert on repair_order
for each row
  begin
    update COUNTER 
    set TABLECOUNT = TABLECOUNT+1
    where TABLENAME = 'REPAIR_ORDER';
  end;
/
ALTER TRIGGER "JAY"."COUNT_REPAIR_ORDER" ENABLE;
--------------------------------------------------------
--  DDL for Trigger COUNT_SERVICELOC
--------------------------------------------------------

  CREATE OR REPLACE EDITIONABLE TRIGGER "JAY"."COUNT_SERVICELOC" 
after insert on service_loc
for each row
  begin
    update COUNTER 
    set TABLECOUNT = TABLECOUNT+1
    where TABLENAME = 'SERVICE_LOC';
  end;
/
ALTER TRIGGER "JAY"."COUNT_SERVICELOC" ENABLE;
--------------------------------------------------------
--  DDL for Trigger COUNT_USERINFO
--------------------------------------------------------

  CREATE OR REPLACE EDITIONABLE TRIGGER "JAY"."COUNT_USERINFO" 
after insert on userinfo
for each row
  begin
    update COUNTER 
    set TABLECOUNT = TABLECOUNT+1
    where TABLENAME = 'USERINFO';
  end;
/
ALTER TRIGGER "JAY"."COUNT_USERINFO" ENABLE;
--------------------------------------------------------
--  Constraints for Table REPAIR_OPTION
--------------------------------------------------------

  ALTER TABLE "JAY"."REPAIR_OPTION" ADD PRIMARY KEY ("OPTIONID")
  USING INDEX PCTFREE 10 INITRANS 2 MAXTRANS 255 COMPUTE STATISTICS 
  STORAGE(INITIAL 65536 NEXT 1048576 MINEXTENTS 1 MAXEXTENTS 2147483645
  PCTINCREASE 0 FREELISTS 1 FREELIST GROUPS 1
  BUFFER_POOL DEFAULT FLASH_CACHE DEFAULT CELL_FLASH_CACHE DEFAULT)
  TABLESPACE "TJ_DB"  ENABLE;
  ALTER TABLE "JAY"."REPAIR_OPTION" MODIFY ("REPAIRREQUIREMENT" NOT NULL ENABLE);
--------------------------------------------------------
--  Constraints for Table SUPPORT_STAFF
--------------------------------------------------------

  ALTER TABLE "JAY"."SUPPORT_STAFF" ADD PRIMARY KEY ("ID")
  USING INDEX PCTFREE 10 INITRANS 2 MAXTRANS 255 COMPUTE STATISTICS 
  STORAGE(INITIAL 65536 NEXT 1048576 MINEXTENTS 1 MAXEXTENTS 2147483645
  PCTINCREASE 0 FREELISTS 1 FREELIST GROUPS 1
  BUFFER_POOL DEFAULT FLASH_CACHE DEFAULT CELL_FLASH_CACHE DEFAULT)
  TABLESPACE "TJ_DB"  ENABLE;
--------------------------------------------------------
--  Constraints for Table ABOUT_US
--------------------------------------------------------

  ALTER TABLE "JAY"."ABOUT_US" MODIFY ("ANSWER" NOT NULL ENABLE);
  ALTER TABLE "JAY"."ABOUT_US" MODIFY ("QUESTION" NOT NULL ENABLE);
  ALTER TABLE "JAY"."ABOUT_US" ADD PRIMARY KEY ("ID")
  USING INDEX PCTFREE 10 INITRANS 2 MAXTRANS 255 COMPUTE STATISTICS 
  STORAGE(INITIAL 65536 NEXT 1048576 MINEXTENTS 1 MAXEXTENTS 2147483645
  PCTINCREASE 0 FREELISTS 1 FREELIST GROUPS 1
  BUFFER_POOL DEFAULT FLASH_CACHE DEFAULT CELL_FLASH_CACHE DEFAULT)
  TABLESPACE "TJ_DB"  ENABLE;
--------------------------------------------------------
--  Constraints for Table RATING_SYSTEM
--------------------------------------------------------

  ALTER TABLE "JAY"."RATING_SYSTEM" ADD PRIMARY KEY ("USERID", "ENGINEERID")
  USING INDEX PCTFREE 10 INITRANS 2 MAXTRANS 255 COMPUTE STATISTICS 
  STORAGE(INITIAL 65536 NEXT 1048576 MINEXTENTS 1 MAXEXTENTS 2147483645
  PCTINCREASE 0 FREELISTS 1 FREELIST GROUPS 1
  BUFFER_POOL DEFAULT FLASH_CACHE DEFAULT CELL_FLASH_CACHE DEFAULT)
  TABLESPACE "TJ_DB"  ENABLE;
  ALTER TABLE "JAY"."RATING_SYSTEM" ADD CHECK (rate > 0) ENABLE;
--------------------------------------------------------
--  Constraints for Table USERINFO
--------------------------------------------------------

  ALTER TABLE "JAY"."USERINFO" ADD PRIMARY KEY ("ID")
  USING INDEX PCTFREE 10 INITRANS 2 MAXTRANS 255 COMPUTE STATISTICS 
  STORAGE(INITIAL 65536 NEXT 1048576 MINEXTENTS 1 MAXEXTENTS 2147483645
  PCTINCREASE 0 FREELISTS 1 FREELIST GROUPS 1
  BUFFER_POOL DEFAULT FLASH_CACHE DEFAULT CELL_FLASH_CACHE DEFAULT)
  TABLESPACE "TJ_DB"  ENABLE;
--------------------------------------------------------
--  Constraints for Table DEVICE_TYPE
--------------------------------------------------------

  ALTER TABLE "JAY"."DEVICE_TYPE" ADD PRIMARY KEY ("TYPEID")
  USING INDEX PCTFREE 10 INITRANS 2 MAXTRANS 255 COMPUTE STATISTICS 
  STORAGE(INITIAL 65536 NEXT 1048576 MINEXTENTS 1 MAXEXTENTS 2147483645
  PCTINCREASE 0 FREELISTS 1 FREELIST GROUPS 1
  BUFFER_POOL DEFAULT FLASH_CACHE DEFAULT CELL_FLASH_CACHE DEFAULT)
  TABLESPACE "TJ_DB"  ENABLE;
  ALTER TABLE "JAY"."DEVICE_TYPE" MODIFY ("TYPE_NAME" NOT NULL ENABLE);
--------------------------------------------------------
--  Constraints for Table NEWS_SYSTEM
--------------------------------------------------------

  ALTER TABLE "JAY"."NEWS_SYSTEM" MODIFY ("ID" NOT NULL ENABLE);
  ALTER TABLE "JAY"."NEWS_SYSTEM" ADD PRIMARY KEY ("ID")
  USING INDEX PCTFREE 10 INITRANS 2 MAXTRANS 255 COMPUTE STATISTICS 
  STORAGE(INITIAL 65536 NEXT 1048576 MINEXTENTS 1 MAXEXTENTS 2147483645
  PCTINCREASE 0 FREELISTS 1 FREELIST GROUPS 1
  BUFFER_POOL DEFAULT FLASH_CACHE DEFAULT CELL_FLASH_CACHE DEFAULT)
  TABLESPACE "TJ_DB"  ENABLE;
  ALTER TABLE "JAY"."NEWS_SYSTEM" ADD CHECK (isread in (0,1)) ENABLE;
  ALTER TABLE "JAY"."NEWS_SYSTEM" MODIFY ("NEWS_CONTENT" NOT NULL ENABLE);
  ALTER TABLE "JAY"."NEWS_SYSTEM" MODIFY ("NEWS_DATE" NOT NULL ENABLE);
  ALTER TABLE "JAY"."NEWS_SYSTEM" MODIFY ("NEWS_TITLE" NOT NULL ENABLE);
  ALTER TABLE "JAY"."NEWS_SYSTEM" MODIFY ("USERID" NOT NULL ENABLE);
--------------------------------------------------------
--  Constraints for Table ENGINEER
--------------------------------------------------------

  ALTER TABLE "JAY"."ENGINEER" MODIFY ("PASSWORD" NOT NULL ENABLE);
  ALTER TABLE "JAY"."ENGINEER" ADD PRIMARY KEY ("ID")
  USING INDEX PCTFREE 10 INITRANS 2 MAXTRANS 255 COMPUTE STATISTICS 
  STORAGE(INITIAL 65536 NEXT 1048576 MINEXTENTS 1 MAXEXTENTS 2147483645
  PCTINCREASE 0 FREELISTS 1 FREELIST GROUPS 1
  BUFFER_POOL DEFAULT FLASH_CACHE DEFAULT CELL_FLASH_CACHE DEFAULT)
  TABLESPACE "TJ_DB"  ENABLE;
  ALTER TABLE "JAY"."ENGINEER" ADD CHECK (rate > 0) ENABLE;
  ALTER TABLE "JAY"."ENGINEER" ADD CHECK (salary > 0) ENABLE;
  ALTER TABLE "JAY"."ENGINEER" ADD CHECK (workingyears >= 0) ENABLE;
  ALTER TABLE "JAY"."ENGINEER" MODIFY ("NAME" NOT NULL ENABLE);
  ALTER TABLE "JAY"."ENGINEER" MODIFY ("ID" NOT NULL ENABLE);
--------------------------------------------------------
--  Constraints for Table DEVICE
--------------------------------------------------------

  ALTER TABLE "JAY"."DEVICE" ADD PRIMARY KEY ("DEVICEID")
  USING INDEX PCTFREE 10 INITRANS 2 MAXTRANS 255 COMPUTE STATISTICS 
  STORAGE(INITIAL 65536 NEXT 1048576 MINEXTENTS 1 MAXEXTENTS 2147483645
  PCTINCREASE 0 FREELISTS 1 FREELIST GROUPS 1
  BUFFER_POOL DEFAULT FLASH_CACHE DEFAULT CELL_FLASH_CACHE DEFAULT)
  TABLESPACE "TJ_DB"  ENABLE;
--------------------------------------------------------
--  Constraints for Table REPAIR_ORDER
--------------------------------------------------------

  ALTER TABLE "JAY"."REPAIR_ORDER" MODIFY ("CUSTOMER_LOCATION" NOT NULL ENABLE);
  ALTER TABLE "JAY"."REPAIR_ORDER" ADD PRIMARY KEY ("ORDERID")
  USING INDEX PCTFREE 10 INITRANS 2 MAXTRANS 255 COMPUTE STATISTICS 
  STORAGE(INITIAL 65536 NEXT 1048576 MINEXTENTS 1 MAXEXTENTS 2147483645
  PCTINCREASE 0 FREELISTS 1 FREELIST GROUPS 1
  BUFFER_POOL DEFAULT FLASH_CACHE DEFAULT CELL_FLASH_CACHE DEFAULT)
  TABLESPACE "TJ_DB"  ENABLE;
  ALTER TABLE "JAY"."REPAIR_ORDER" ADD CHECK (orderstatus in (0, 1, 2, 3)) ENABLE;
  ALTER TABLE "JAY"."REPAIR_ORDER" ADD CHECK (orderprice > 0) ENABLE;
  ALTER TABLE "JAY"."REPAIR_ORDER" MODIFY ("REPAIRTIME" NOT NULL ENABLE);
  ALTER TABLE "JAY"."REPAIR_ORDER" MODIFY ("REPAIRLOCATION" NOT NULL ENABLE);
  ALTER TABLE "JAY"."REPAIR_ORDER" MODIFY ("CREATETIME" NOT NULL ENABLE);
  ALTER TABLE "JAY"."REPAIR_ORDER" MODIFY ("REPAIROPTIONID" NOT NULL ENABLE);
  ALTER TABLE "JAY"."REPAIR_ORDER" MODIFY ("USERID" NOT NULL ENABLE);
  ALTER TABLE "JAY"."REPAIR_ORDER" MODIFY ("ENGINEERID" NOT NULL ENABLE);
--------------------------------------------------------
--  Constraints for Table CREDIT_CARD
--------------------------------------------------------

  ALTER TABLE "JAY"."CREDIT_CARD" ADD PRIMARY KEY ("CARDID")
  USING INDEX PCTFREE 10 INITRANS 2 MAXTRANS 255 COMPUTE STATISTICS 
  STORAGE(INITIAL 65536 NEXT 1048576 MINEXTENTS 1 MAXEXTENTS 2147483645
  PCTINCREASE 0 FREELISTS 1 FREELIST GROUPS 1
  BUFFER_POOL DEFAULT FLASH_CACHE DEFAULT CELL_FLASH_CACHE DEFAULT)
  TABLESPACE "TJ_DB"  ENABLE;
--------------------------------------------------------
--  Constraints for Table COUPON
--------------------------------------------------------

  ALTER TABLE "JAY"."COUPON" ADD PRIMARY KEY ("ID")
  USING INDEX PCTFREE 10 INITRANS 2 MAXTRANS 255 COMPUTE STATISTICS 
  STORAGE(INITIAL 65536 NEXT 1048576 MINEXTENTS 1 MAXEXTENTS 2147483645
  PCTINCREASE 0 FREELISTS 1 FREELIST GROUPS 1
  BUFFER_POOL DEFAULT FLASH_CACHE DEFAULT CELL_FLASH_CACHE DEFAULT)
  TABLESPACE "TJ_DB"  ENABLE;
  ALTER TABLE "JAY"."COUPON" ADD CHECK (status in (0,1)) ENABLE;
  ALTER TABLE "JAY"."COUPON" ADD CHECK (discount > 0) ENABLE;
  ALTER TABLE "JAY"."COUPON" ADD CHECK (type in (0,1,2)) ENABLE;
--------------------------------------------------------
--  Constraints for Table REPAIR_CATE
--------------------------------------------------------

  ALTER TABLE "JAY"."REPAIR_CATE" ADD PRIMARY KEY ("ID")
  USING INDEX PCTFREE 10 INITRANS 2 MAXTRANS 255 COMPUTE STATISTICS 
  STORAGE(INITIAL 65536 NEXT 1048576 MINEXTENTS 1 MAXEXTENTS 2147483645
  PCTINCREASE 0 FREELISTS 1 FREELIST GROUPS 1
  BUFFER_POOL DEFAULT FLASH_CACHE DEFAULT CELL_FLASH_CACHE DEFAULT)
  TABLESPACE "TJ_DB"  ENABLE;
  ALTER TABLE "JAY"."REPAIR_CATE" MODIFY ("DETAIL" NOT NULL ENABLE);
  ALTER TABLE "JAY"."REPAIR_CATE" MODIFY ("NAME" NOT NULL ENABLE);
--------------------------------------------------------
--  Constraints for Table SERVICE_LOC
--------------------------------------------------------

  ALTER TABLE "JAY"."SERVICE_LOC" ADD PRIMARY KEY ("ID")
  USING INDEX PCTFREE 10 INITRANS 2 MAXTRANS 255 COMPUTE STATISTICS 
  STORAGE(INITIAL 65536 NEXT 1048576 MINEXTENTS 1 MAXEXTENTS 2147483645
  PCTINCREASE 0 FREELISTS 1 FREELIST GROUPS 1
  BUFFER_POOL DEFAULT FLASH_CACHE DEFAULT CELL_FLASH_CACHE DEFAULT)
  TABLESPACE "TJ_DB"  ENABLE;
--------------------------------------------------------
--  Constraints for Table CUSTOMER_SERVICE
--------------------------------------------------------

  ALTER TABLE "JAY"."CUSTOMER_SERVICE" MODIFY ("ANSWER" NOT NULL ENABLE);
  ALTER TABLE "JAY"."CUSTOMER_SERVICE" MODIFY ("QUESTION" NOT NULL ENABLE);
  ALTER TABLE "JAY"."CUSTOMER_SERVICE" ADD PRIMARY KEY ("ID")
  USING INDEX PCTFREE 10 INITRANS 2 MAXTRANS 255 COMPUTE STATISTICS 
  STORAGE(INITIAL 65536 NEXT 1048576 MINEXTENTS 1 MAXEXTENTS 2147483645
  PCTINCREASE 0 FREELISTS 1 FREELIST GROUPS 1
  BUFFER_POOL DEFAULT FLASH_CACHE DEFAULT CELL_FLASH_CACHE DEFAULT)
  TABLESPACE "TJ_DB"  ENABLE;
--------------------------------------------------------
--  Constraints for Table RECYCLE_ORDER
--------------------------------------------------------

  ALTER TABLE "JAY"."RECYCLE_ORDER" ADD PRIMARY KEY ("ORDERID")
  USING INDEX PCTFREE 10 INITRANS 2 MAXTRANS 255 COMPUTE STATISTICS 
  STORAGE(INITIAL 65536 NEXT 1048576 MINEXTENTS 1 MAXEXTENTS 2147483645
  PCTINCREASE 0 FREELISTS 1 FREELIST GROUPS 1
  BUFFER_POOL DEFAULT FLASH_CACHE DEFAULT CELL_FLASH_CACHE DEFAULT)
  TABLESPACE "TJ_DB"  ENABLE;
  ALTER TABLE "JAY"."RECYCLE_ORDER" ADD CHECK (expectedprice > 0) ENABLE;
  ALTER TABLE "JAY"."RECYCLE_ORDER" MODIFY ("RECYCLE_LOCATION" NOT NULL ENABLE);
  ALTER TABLE "JAY"."RECYCLE_ORDER" MODIFY ("CUSTOMER_LOCATION" NOT NULL ENABLE);
--------------------------------------------------------
--  Constraints for Table SERVICE_CENTER
--------------------------------------------------------

  ALTER TABLE "JAY"."SERVICE_CENTER" ADD PRIMARY KEY ("ID")
  USING INDEX PCTFREE 10 INITRANS 2 MAXTRANS 255 COMPUTE STATISTICS 
  STORAGE(INITIAL 65536 NEXT 1048576 MINEXTENTS 1 MAXEXTENTS 2147483645
  PCTINCREASE 0 FREELISTS 1 FREELIST GROUPS 1
  BUFFER_POOL DEFAULT FLASH_CACHE DEFAULT CELL_FLASH_CACHE DEFAULT)
  TABLESPACE "TJ_DB"  ENABLE;
  ALTER TABLE "JAY"."SERVICE_CENTER" MODIFY ("TEL" NOT NULL ENABLE);
  ALTER TABLE "JAY"."SERVICE_CENTER" MODIFY ("LOC_DETAIL" NOT NULL ENABLE);
  ALTER TABLE "JAY"."SERVICE_CENTER" MODIFY ("NAME" NOT NULL ENABLE);
--------------------------------------------------------
--  Constraints for Table DEVICE_EVALUATION
--------------------------------------------------------

  ALTER TABLE "JAY"."DEVICE_EVALUATION" ADD PRIMARY KEY ("DEVICEID")
  USING INDEX PCTFREE 10 INITRANS 2 MAXTRANS 255 COMPUTE STATISTICS 
  STORAGE(INITIAL 65536 NEXT 1048576 MINEXTENTS 1 MAXEXTENTS 2147483645
  PCTINCREASE 0 FREELISTS 1 FREELIST GROUPS 1
  BUFFER_POOL DEFAULT FLASH_CACHE DEFAULT CELL_FLASH_CACHE DEFAULT)
  TABLESPACE "TJ_DB"  ENABLE;
  ALTER TABLE "JAY"."DEVICE_EVALUATION" ADD CHECK (price > 0) ENABLE;
--------------------------------------------------------
--  Constraints for Table ADVERTISE
--------------------------------------------------------

  ALTER TABLE "JAY"."ADVERTISE" ADD PRIMARY KEY ("ID")
  USING INDEX PCTFREE 10 INITRANS 2 MAXTRANS 255 COMPUTE STATISTICS 
  STORAGE(INITIAL 65536 NEXT 1048576 MINEXTENTS 1 MAXEXTENTS 2147483645
  PCTINCREASE 0 FREELISTS 1 FREELIST GROUPS 1
  BUFFER_POOL DEFAULT FLASH_CACHE DEFAULT CELL_FLASH_CACHE DEFAULT)
  TABLESPACE "TJ_DB"  ENABLE;
  ALTER TABLE "JAY"."ADVERTISE" ADD CHECK (status in (0,1)) ENABLE;
--------------------------------------------------------
--  Constraints for Table DEVICE_CATE
--------------------------------------------------------

  ALTER TABLE "JAY"."DEVICE_CATE" ADD PRIMARY KEY ("CATEGORYID")
  USING INDEX PCTFREE 10 INITRANS 2 MAXTRANS 255 COMPUTE STATISTICS 
  STORAGE(INITIAL 65536 NEXT 1048576 MINEXTENTS 1 MAXEXTENTS 2147483645
  PCTINCREASE 0 FREELISTS 1 FREELIST GROUPS 1
  BUFFER_POOL DEFAULT FLASH_CACHE DEFAULT CELL_FLASH_CACHE DEFAULT)
  TABLESPACE "TJ_DB"  ENABLE;
--------------------------------------------------------
--  Constraints for Table REPAIR_SYS_ADMIN
--------------------------------------------------------

  ALTER TABLE "JAY"."REPAIR_SYS_ADMIN" ADD PRIMARY KEY ("ID")
  USING INDEX PCTFREE 10 INITRANS 2 MAXTRANS 255 COMPUTE STATISTICS 
  STORAGE(INITIAL 65536 NEXT 1048576 MINEXTENTS 1 MAXEXTENTS 2147483645
  PCTINCREASE 0 FREELISTS 1 FREELIST GROUPS 1
  BUFFER_POOL DEFAULT FLASH_CACHE DEFAULT CELL_FLASH_CACHE DEFAULT)
  TABLESPACE "TJ_DB"  ENABLE;
--------------------------------------------------------
--  Ref Constraints for Table CREDIT_CARD
--------------------------------------------------------

  ALTER TABLE "JAY"."CREDIT_CARD" ADD CONSTRAINT "FK_UID" FOREIGN KEY ("USERID")
	  REFERENCES "JAY"."USERINFO" ("ID") ENABLE;
--------------------------------------------------------
--  Ref Constraints for Table DEVICE
--------------------------------------------------------

  ALTER TABLE "JAY"."DEVICE" ADD FOREIGN KEY ("DEVICE_CATE_ID")
	  REFERENCES "JAY"."DEVICE_CATE" ("CATEGORYID") ON DELETE SET NULL ENABLE;
  ALTER TABLE "JAY"."DEVICE" ADD FOREIGN KEY ("DEVICE_TYPE_ID")
	  REFERENCES "JAY"."DEVICE_TYPE" ("TYPEID") ON DELETE SET NULL ENABLE;
--------------------------------------------------------
--  Ref Constraints for Table DEVICE_EVALUATION
--------------------------------------------------------

  ALTER TABLE "JAY"."DEVICE_EVALUATION" ADD FOREIGN KEY ("DEVICEID")
	  REFERENCES "JAY"."DEVICE" ("DEVICEID") ON DELETE SET NULL ENABLE;
--------------------------------------------------------
--  Ref Constraints for Table ENGINEER
--------------------------------------------------------

  ALTER TABLE "JAY"."ENGINEER" ADD FOREIGN KEY ("WORK_CENTER")
	  REFERENCES "JAY"."SERVICE_CENTER" ("ID") ENABLE;
--------------------------------------------------------
--  Ref Constraints for Table NEWS_SYSTEM
--------------------------------------------------------

  ALTER TABLE "JAY"."NEWS_SYSTEM" ADD FOREIGN KEY ("USERID")
	  REFERENCES "JAY"."USERINFO" ("ID") ENABLE;
--------------------------------------------------------
--  Ref Constraints for Table RATING_SYSTEM
--------------------------------------------------------

  ALTER TABLE "JAY"."RATING_SYSTEM" ADD FOREIGN KEY ("USERID")
	  REFERENCES "JAY"."USERINFO" ("ID") ENABLE;
  ALTER TABLE "JAY"."RATING_SYSTEM" ADD FOREIGN KEY ("ENGINEERID")
	  REFERENCES "JAY"."ENGINEER" ("ID") ENABLE;
--------------------------------------------------------
--  Ref Constraints for Table RECYCLE_ORDER
--------------------------------------------------------

  ALTER TABLE "JAY"."RECYCLE_ORDER" ADD FOREIGN KEY ("DEVICEID")
	  REFERENCES "JAY"."DEVICE" ("DEVICEID") ENABLE;
  ALTER TABLE "JAY"."RECYCLE_ORDER" ADD FOREIGN KEY ("USERID")
	  REFERENCES "JAY"."USERINFO" ("ID") ENABLE;
--------------------------------------------------------
--  Ref Constraints for Table REPAIR_OPTION
--------------------------------------------------------

  ALTER TABLE "JAY"."REPAIR_OPTION" ADD FOREIGN KEY ("REPAIRCATEGORYID")
	  REFERENCES "JAY"."REPAIR_CATE" ("ID") ENABLE;
--------------------------------------------------------
--  Ref Constraints for Table REPAIR_ORDER
--------------------------------------------------------

  ALTER TABLE "JAY"."REPAIR_ORDER" ADD FOREIGN KEY ("COUPONID")
	  REFERENCES "JAY"."COUPON" ("ID") ENABLE;
  ALTER TABLE "JAY"."REPAIR_ORDER" ADD FOREIGN KEY ("ENGINEERID")
	  REFERENCES "JAY"."ENGINEER" ("ID") ENABLE;
  ALTER TABLE "JAY"."REPAIR_ORDER" ADD FOREIGN KEY ("USERID")
	  REFERENCES "JAY"."USERINFO" ("ID") ENABLE;
  ALTER TABLE "JAY"."REPAIR_ORDER" ADD FOREIGN KEY ("REPAIROPTIONID")
	  REFERENCES "JAY"."REPAIR_OPTION" ("OPTIONID") ENABLE;
--------------------------------------------------------
--  Ref Constraints for Table SERVICE_LOC
--------------------------------------------------------

  ALTER TABLE "JAY"."SERVICE_LOC" ADD FOREIGN KEY ("CUSTOMERID")
	  REFERENCES "JAY"."USERINFO" ("ID") ON DELETE SET NULL ENABLE;
